 ,ABL1,LCK,CDK2,MAPKAPK2,DYRK1A,PLK1,SRC,CDK5,ROCK1,PAK4,MARK2,MARK3,TLK2,PLK3,AKT1,ULK1,ATR,ATM,AKT2,PAK1,RAF1,ARAF,BRAF,PIM1,VRK1,GSK3B,FYN,LYN,CDK9,TTK,DYRK2,BRSK1,MELK,CDK7,CDK6,HIPK2,CDC7,MAP3K2,MAP3K5,CDK4,MAP3K7,MAP2K7,EGFR,GSK3A,MAP2K1,LATS1,LATS2,IRAK4,TBK1,CDK3,PBK,AXL,MAP2K3,MAP2K4,SGK1,JAK2,RET,MAP2K6,MAP3K6,PAK2,NEK9,NEK2,NEK6,IRAK1,CLK1,MAP3K3,ALK
ABL1,0,236,231,232,232,232,231,230,237,227,227,230,240,235,229,229,236,235,228,228,232,229,231,230,233,232,231,231,236,234,229,228,215,228,235,229,232,226,237,234,242,226,233,232,229,233,234,227,227,228,234,232,234,228,230,234,241,234,236,232,233,232,229,233,223,226,228
LCK,236,0,226,227,234,228,81,229,233,224,230,230,225,230,234,236,235,238,234,218,208,207,209,228,229,231,76,193,238,240,234,229,238,232,235,227,228,227,228,238,237,235,233,231,223,239,239,231,238,226,231,224,237,237,232,226,231,238,226,223,231,233,227,233,228,230,230
CDK2,231,226,0,235,291,223,223,217,231,225,212,237,249,201,225,226,307,287,211,219,234,228,234,226,244,262,225,235,249,244,285,219,227,248,259,296,300,244,243,264,244,226,239,250,266,264,263,234,269,117,268,244,231,238,226,262,267,230,243,225,222,232,232,267,291,242,250
MAPKAPK2,232,227,235,0,239,238,229,233,230,223,222,240,244,236,217,235,247,249,232,214,234,234,236,236,242,238,227,231,237,230,242,217,234,233,243,239,245,241,246,239,241,240,234,236,229,235,236,241,241,235,248,240,236,241,215,239,241,238,244,221,225,241,242,247,248,239,237
DYRK1A,232,234,291,239,0,238,230,256,232,228,226,245,255,236,240,239,302,280,236,220,243,241,243,227,243,267,233,240,259,245,253,226,220,252,266,249,293,240,242,265,228,234,224,249,271,278,279,242,264,258,264,245,240,239,239,261,256,238,244,223,243,238,228,277,297,239,251
PLK1,232,228,223,238,238,0,230,230,232,230,232,234,234,230,226,234,234,240,224,233,235,235,235,232,239,234,229,229,236,236,236,229,234,238,235,229,232,230,231,233,232,233,232,237,231,231,230,235,237,221,232,236,232,225,231,231,237,231,234,232,236,233,233,236,233,228,230
SRC,231,81,223,229,230,230,0,224,233,219,221,225,225,226,232,235,232,238,231,215,206,204,206,228,228,229,42,198,228,238,237,222,231,230,231,225,224,228,232,238,238,232,230,232,220,236,236,225,231,225,226,227,230,234,228,225,227,230,230,217,228,230,225,227,231,229,225
CDK5,230,229,217,233,256,230,224,0,225,224,205,244,245,228,235,217,265,275,234,226,238,237,238,230,249,254,229,234,238,236,252,194,213,250,255,251,261,239,248,249,247,237,237,254,247,255,257,237,265,167,260,257,240,229,236,259,263,237,245,228,223,225,239,243,262,240,251
ROCK1,237,233,231,230,232,232,233,225,0,231,205,229,239,217,220,225,246,250,207,229,238,233,241,233,240,242,233,231,235,219,239,213,233,239,245,235,243,242,237,238,226,234,228,239,227,213,213,237,234,237,247,248,238,239,233,245,243,238,234,232,235,237,214,237,249,240,245
PAK4,227,224,225,223,228,230,219,224,231,0,227,229,233,233,233,231,236,240,231,110,212,212,214,228,238,217,219,237,227,241,231,225,227,227,227,236,223,229,239,228,237,228,232,220,231,228,229,234,231,218,238,232,231,228,231,233,232,229,243,111,226,230,218,233,231,230,237
MARK2,227,230,212,222,226,232,221,205,205,227,0,143,232,235,220,198,239,233,225,222,234,231,235,231,225,229,223,231,217,215,230,122,212,229,231,236,229,234,237,232,235,217,234,228,221,229,232,222,226,215,229,226,226,221,219,232,229,222,238,227,219,214,237,222,227,235,228
MARK3,230,230,237,240,245,234,225,244,229,229,143,0,260,229,233,219,262,258,233,223,240,236,244,231,243,242,228,231,239,241,244,187,216,243,251,252,252,238,249,250,245,240,239,237,258,246,247,237,251,238,257,248,236,228,222,244,255,234,249,227,218,229,241,240,250,238,252
TLK2,240,225,249,244,255,234,225,245,239,233,232,260,0,242,238,248,255,258,243,230,233,232,236,240,254,249,221,242,248,248,258,238,244,252,254,253,253,244,243,247,242,257,242,248,243,260,257,251,249,243,250,254,243,258,245,251,253,246,245,232,244,244,237,249,253,247,256
PLK3,235,230,201,236,236,230,226,228,217,233,235,229,242,0,218,240,239,243,180,227,236,237,236,219,237,233,230,234,229,230,230,235,203,225,231,229,239,223,229,225,229,220,234,233,236,213,216,235,230,203,241,234,233,235,230,233,233,234,228,231,224,236,218,229,231,224,236
AKT1,229,234,225,217,240,226,232,235,220,233,220,233,238,218,0,245,242,245,140,230,233,227,231,231,241,239,232,233,227,238,233,227,222,237,236,229,244,234,232,238,238,235,232,239,235,209,206,237,230,226,232,241,236,241,162,233,242,236,233,234,215,234,230,244,237,233,242
ULK1,229,236,226,235,239,234,235,217,225,231,198,219,248,240,245,0,252,245,240,230,246,241,243,237,244,243,237,238,229,228,243,202,237,243,237,248,239,226,245,245,247,230,237,240,234,241,242,231,243,226,246,238,233,224,237,234,241,235,246,232,228,232,244,232,244,224,246
ATR,236,235,307,247,302,234,232,265,246,236,239,262,255,239,242,252,0,280,243,230,246,243,247,242,252,278,233,240,276,253,296,235,243,259,279,310,312,242,252,275,246,248,246,266,276,291,292,257,279,269,276,249,249,248,246,270,272,248,255,234,244,247,245,289,300,241,255
ATM,235,238,287,249,280,240,238,275,250,240,233,258,258,243,245,245,280,0,246,233,245,242,246,237,256,279,240,234,278,252,287,229,239,268,275,285,289,249,251,278,245,257,247,265,283,284,283,260,270,268,275,243,253,252,246,266,269,251,250,238,242,253,250,283,289,249,258
AKT2,228,234,211,232,236,224,231,234,207,231,225,233,243,180,140,240,243,246,0,227,239,237,242,218,242,241,233,234,234,231,232,223,208,240,238,230,239,235,238,229,234,223,236,241,234,187,187,237,233,213,235,244,235,236,215,235,243,236,241,232,234,241,231,241,237,233,245
PAK1,228,218,219,214,220,233,215,226,229,110,222,223,230,227,230,230,230,233,227,0,215,213,213,222,229,217,217,238,221,230,229,221,217,215,224,228,221,217,231,219,235,225,226,218,224,224,225,227,225,216,230,226,227,224,228,232,233,222,231,16,227,232,223,223,230,216,224
RAF1,232,208,234,234,243,235,206,238,238,212,234,240,233,236,233,246,246,245,239,215,0,55,47,228,239,236,203,223,235,242,237,231,230,242,240,234,234,237,249,233,246,245,233,235,241,245,244,241,246,232,239,240,239,242,234,245,237,236,246,217,225,237,231,238,245,240,239
ARAF,229,207,228,234,241,235,204,237,233,212,231,236,232,237,227,241,243,242,237,213,55,0,59,231,234,230,201,223,233,242,238,231,230,237,233,236,234,237,245,236,243,240,233,230,240,242,241,239,241,234,241,240,237,240,226,243,234,236,243,213,224,233,234,234,241,239,235
BRAF,231,209,234,236,243,235,206,238,241,214,235,244,236,236,231,243,247,246,242,213,47,59,0,230,235,238,203,221,238,245,239,231,232,242,240,235,233,242,248,238,249,245,233,236,244,243,244,242,249,236,239,243,243,245,232,243,234,240,244,216,229,239,238,239,244,244,235
PIM1,230,228,226,236,227,232,228,230,233,228,231,231,240,219,231,237,242,237,218,222,228,231,230,0,234,230,227,233,223,239,228,228,224,221,231,229,229,227,228,224,240,232,232,230,236,232,233,234,230,228,230,234,226,239,235,233,229,228,228,227,228,231,229,235,231,226,229
VRK1,233,229,244,242,243,239,228,249,240,238,225,243,254,237,241,244,252,256,242,229,239,234,235,234,0,250,231,230,245,249,244,233,228,247,247,250,243,236,247,240,244,248,237,249,244,249,248,240,253,246,242,244,239,241,239,245,242,239,246,235,238,248,244,240,249,237,240
GSK3B,232,231,262,238,267,234,229,254,242,217,229,242,249,233,239,243,278,279,241,217,236,230,238,230,250,0,231,235,265,255,252,227,233,206,271,264,277,238,249,261,240,253,223,55,267,274,275,229,276,249,270,249,225,244,226,258,260,226,248,222,231,244,236,268,276,236,251
FYN,231,76,225,227,233,229,42,229,233,219,223,228,221,230,232,237,233,240,233,217,203,201,203,227,231,231,0,195,230,237,233,224,234,233,230,228,226,229,231,238,237,232,230,230,222,236,236,229,235,229,227,221,235,236,224,223,227,234,230,219,228,233,226,234,230,230,225
LYN,231,193,235,231,240,229,198,234,231,237,231,231,242,234,233,238,240,234,234,238,223,223,221,233,230,235,195,0,228,232,228,225,235,232,238,233,232,236,236,236,241,233,224,237,228,230,230,228,230,240,231,229,235,234,234,230,230,235,235,240,235,235,232,235,233,238,227
CDK9,236,238,249,237,259,236,228,238,235,227,217,239,248,229,227,229,276,278,234,221,235,233,238,223,245,265,230,228,0,241,257,214,226,250,265,271,263,239,248,253,248,231,239,255,272,260,261,238,262,234,269,244,239,242,232,257,257,237,245,226,224,235,237,262,277,239,249
TTK,234,240,244,230,245,236,238,236,219,241,215,241,248,230,238,228,253,252,231,230,242,242,245,239,249,255,237,232,241,0,244,218,226,249,245,250,249,247,240,250,239,248,231,254,239,244,245,246,237,244,250,250,247,244,239,244,248,248,240,233,236,248,238,246,248,250,254
DYRK2,229,234,285,242,253,236,237,252,239,231,230,244,258,230,233,243,296,287,232,229,237,238,239,228,244,252,233,228,257,244,0,225,236,239,266,281,287,238,236,266,238,246,233,239,275,287,283,244,265,261,272,249,227,238,235,259,255,227,236,230,233,234,234,276,289,236,252
BRSK1,228,229,219,217,226,229,222,194,213,225,122,187,238,235,227,202,235,229,223,221,231,231,231,228,233,227,224,225,214,218,225,0,214,227,232,230,232,229,238,236,236,224,230,227,221,230,233,226,226,214,233,233,230,225,230,236,226,227,238,222,215,227,233,226,233,226,222
MELK,215,238,227,234,220,234,231,213,233,227,212,216,244,203,222,237,243,239,208,217,230,230,232,224,228,233,234,235,226,226,236,214,0,225,229,221,232,226,243,225,246,226,227,234,223,235,234,232,221,228,234,237,234,239,223,236,238,232,242,225,221,227,230,234,224,228,235
CDK7,228,232,248,233,252,238,230,250,239,227,229,243,252,225,237,243,259,268,240,215,242,237,242,221,247,206,233,232,250,249,239,227,225,0,255,247,259,230,244,250,234,244,215,208,260,254,257,227,253,250,268,251,229,242,234,262,257,228,244,220,230,238,237,258,259,231,251
CDK6,235,235,259,243,266,235,231,255,245,227,231,251,254,231,236,237,279,275,238,224,240,233,240,231,247,271,230,238,265,245,266,232,229,255,0,270,265,244,244,261,247,241,238,266,266,270,269,246,263,256,267,249,234,233,235,257,255,232,242,227,234,244,230,258,254,243,248
HIPK2,229,227,296,239,249,229,225,251,235,236,236,252,253,229,229,248,310,285,230,228,234,236,235,229,250,264,228,233,271,250,281,230,221,247,270,0,300,238,242,266,238,240,220,249,264,273,273,235,272,254,267,249,235,242,238,259,266,231,241,234,236,234,227,282,295,238,253
CDC7,232,228,300,245,293,232,224,261,243,223,229,252,253,239,244,239,312,289,239,221,234,234,233,229,243,277,226,232,263,249,287,232,232,259,265,300,0,244,241,271,242,243,243,265,273,286,285,241,277,256,258,253,247,242,238,258,267,248,243,225,234,246,232,276,295,244,253
MAP3K2,226,227,244,241,240,230,228,239,242,229,234,238,244,223,234,226,242,249,235,217,237,237,242,227,236,238,229,236,239,247,238,229,226,230,244,238,244,0,235,234,245,241,237,240,243,236,234,244,238,235,234,233,237,215,240,219,229,236,235,223,237,245,220,246,226,31,244
MAP3K5,237,228,243,246,242,231,232,248,237,239,237,249,243,229,232,245,252,251,238,231,249,245,248,228,247,249,231,236,248,240,236,238,243,244,244,242,241,235,0,246,161,248,243,250,244,245,242,236,235,248,251,241,221,234,248,247,240,221,53,236,238,247,224,243,247,235,249
CDK4,234,238,264,239,265,233,238,249,238,228,232,250,247,225,238,245,275,278,229,219,233,236,238,224,240,261,238,236,253,250,266,236,225,250,261,266,271,234,246,0,246,243,233,256,263,266,267,245,269,256,248,253,238,239,232,263,261,237,240,223,238,225,241,262,263,234,250
MAP3K7,242,237,244,241,228,232,238,247,226,237,235,245,242,229,238,247,246,245,234,235,246,243,249,240,244,240,237,241,248,239,238,236,246,234,247,238,242,245,161,246,0,239,233,237,243,239,239,237,238,243,244,243,239,245,232,249,243,239,174,239,229,242,220,237,245,246,248
MAP2K7,226,235,226,240,234,233,232,237,234,228,217,240,257,220,235,230,248,257,223,225,245,240,245,232,248,253,232,233,231,248,246,224,226,244,241,240,243,241,248,243,239,0,242,249,242,226,230,241,248,223,253,256,218,215,230,252,249,215,247,231,232,233,235,242,251,242,248
EGFR,233,233,239,234,224,232,230,237,228,232,234,239,242,234,232,237,246,247,236,226,233,233,233,232,237,223,230,224,239,231,233,230,227,215,238,220,243,237,243,233,233,242,0,220,231,237,236,223,230,237,238,239,238,236,238,238,231,236,245,230,235,240,226,243,242,236,237
GSK3A,232,231,250,236,249,237,232,254,239,220,228,237,248,233,239,240,266,265,241,218,235,230,236,230,249,55,230,237,255,254,239,227,234,208,266,249,265,240,250,256,237,249,220,0,258,260,262,230,260,251,270,249,222,242,227,258,261,226,249,224,225,241,233,257,260,239,248
MAP2K1,229,223,266,229,271,231,220,247,227,231,221,258,243,236,235,234,276,283,234,224,241,240,244,236,244,267,222,228,272,239,275,221,223,260,266,264,273,243,244,263,243,242,231,258,0,273,271,247,262,259,258,247,230,236,232,261,272,229,246,225,236,237,242,273,272,243,248
LATS1,233,239,264,235,278,231,236,255,213,228,229,246,260,213,209,241,291,284,187,224,245,242,243,232,249,274,236,230,260,244,287,230,235,254,270,273,286,236,245,266,239,226,237,260,273,0,46,244,268,237,270,251,240,244,226,254,263,240,244,227,231,244,234,282,284,235,254
LATS2,234,239,263,236,279,230,236,257,213,229,232,247,257,216,206,242,292,283,187,225,244,241,244,233,248,275,236,230,261,245,283,233,234,257,269,273,285,234,242,267,239,230,236,262,271,46,0,245,269,240,267,248,240,244,225,253,265,239,242,229,232,248,231,282,285,233,254
IRAK4,227,231,234,241,242,235,225,237,237,234,222,237,251,235,237,231,257,260,237,227,241,239,242,234,240,229,229,228,238,246,244,226,232,227,246,235,241,244,236,245,237,241,223,230,247,244,245,0,247,233,244,245,235,242,236,253,253,234,235,232,233,236,232,223,254,244,242
TBK1,227,238,269,241,264,237,231,265,234,231,226,251,249,230,230,243,279,270,233,225,246,241,249,230,253,276,235,230,262,237,265,226,221,253,263,272,277,238,235,269,238,248,230,260,262,268,269,247,0,253,266,256,238,240,229,262,263,240,232,229,241,244,242,273,271,240,257
CDK3,228,226,117,235,258,221,225,167,237,218,215,238,243,203,226,226,269,268,213,216,232,234,236,228,246,249,229,240,234,244,261,214,228,250,256,254,256,235,248,256,243,223,237,251,259,237,240,233,253,0,261,249,240,231,230,256,261,236,247,221,217,231,232,239,261,233,254
PBK,234,231,268,248,264,232,226,260,247,238,229,257,250,241,232,246,276,275,235,230,239,241,239,230,242,270,227,231,269,250,272,233,234,268,267,267,258,234,251,248,244,253,238,270,258,270,267,244,266,261,0,253,248,248,238,248,268,248,252,234,241,243,247,263,264,233,243
AXL,232,224,244,240,245,236,227,257,248,232,226,248,254,234,241,238,249,243,244,226,240,240,243,234,244,249,221,229,244,250,249,233,237,251,249,249,253,233,241,253,243,256,239,249,247,251,248,245,256,249,253,0,242,246,230,237,241,242,244,230,237,250,249,243,250,235,203
MAP2K3,234,237,231,236,240,232,230,240,238,231,226,236,243,233,236,233,249,253,235,227,239,237,243,226,239,225,235,235,239,247,227,230,234,229,234,235,247,237,221,238,239,218,238,222,230,240,240,235,238,240,248,242,0,194,243,246,238,35,219,229,230,242,239,245,247,237,247
MAP2K4,228,237,238,241,239,225,234,229,239,228,221,228,258,235,241,224,248,252,236,224,242,240,245,239,241,244,236,234,242,244,238,225,239,242,233,242,242,215,234,239,245,215,236,242,236,244,244,242,240,231,248,246,194,0,235,224,248,191,236,226,236,234,228,241,237,213,250
SGK1,230,232,226,215,239,231,228,236,233,231,219,222,245,230,162,237,246,246,215,228,234,226,232,235,239,226,224,234,232,239,235,230,223,234,235,238,238,240,248,232,232,230,238,227,232,226,225,236,229,230,238,230,243,235,0,227,240,244,245,229,204,228,232,238,237,240,240
JAK2,234,226,262,239,261,231,225,259,245,233,232,244,251,233,233,234,270,266,235,232,245,243,243,233,245,258,223,230,257,244,259,236,236,262,257,259,258,219,247,263,249,252,238,258,261,254,253,253,262,256,248,237,246,224,227,0,247,246,246,234,230,250,230,262,249,215,247
RET,241,231,267,241,256,237,227,263,243,232,229,255,253,233,242,241,272,269,243,233,237,234,234,229,242,260,227,230,257,248,255,226,238,257,255,266,267,229,240,261,243,249,231,261,272,263,265,253,263,261,268,241,238,248,240,247,0,238,241,235,237,245,237,265,261,234,230
MAP2K6,234,238,230,238,238,231,230,237,238,229,222,234,246,234,236,235,248,251,236,222,236,236,240,228,239,226,234,235,237,248,227,227,232,228,232,231,248,236,221,237,239,215,236,226,229,240,239,234,240,236,248,242,35,191,244,246,238,0,220,225,229,238,237,243,244,236,247
MAP3K6,236,226,243,244,244,234,230,245,234,243,238,249,245,228,233,246,255,250,241,231,246,243,244,228,246,248,230,235,245,240,236,238,242,244,242,241,243,235,53,240,174,247,245,249,246,244,242,235,232,247,252,244,219,236,245,246,241,220,0,236,239,248,224,238,250,234,245
PAK2,232,223,225,221,223,232,217,228,232,111,227,227,232,231,234,232,234,238,232,16,217,213,216,227,235,222,219,240,226,233,230,222,225,220,227,234,225,223,236,223,239,231,230,224,225,227,229,232,229,221,234,230,229,226,229,234,235,225,236,0,230,236,224,228,232,220,229
NEK9,233,231,222,225,243,236,228,223,235,226,219,218,244,224,215,228,244,242,234,227,225,224,229,228,238,231,228,235,224,236,233,215,221,230,234,236,234,237,238,238,229,232,235,225,236,231,232,233,241,217,241,237,230,236,204,230,237,229,239,230,0,223,235,232,232,237,229
NEK2,232,233,232,241,238,233,230,225,237,230,214,229,244,236,234,232,247,253,241,232,237,233,239,231,248,244,233,235,235,248,234,227,227,238,244,234,246,245,247,225,242,233,240,241,237,244,248,236,244,231,243,250,242,234,228,250,245,238,248,236,223,0,238,239,243,245,242
NEK6,229,227,232,242,228,233,225,239,214,218,237,241,237,218,230,244,245,250,231,223,231,234,238,229,244,236,226,232,237,238,234,233,230,237,230,227,232,220,224,241,220,235,226,233,242,234,231,232,242,232,247,249,239,228,232,230,237,237,224,224,235,238,0,236,234,221,244
IRAK1,233,233,267,247,277,236,227,243,237,233,222,240,249,229,244,232,289,283,241,223,238,234,239,235,240,268,234,235,262,246,276,226,234,258,258,282,276,246,243,262,237,242,243,257,273,282,282,223,273,239,263,243,245,241,238,262,265,243,238,228,232,239,236,0,293,245,248
CLK1,223,228,291,248,297,233,231,262,249,231,227,250,253,231,237,244,300,289,237,230,245,241,244,231,249,276,230,233,277,248,289,233,224,259,254,295,295,226,247,263,245,251,242,260,272,284,285,254,271,261,264,250,247,237,237,249,261,244,250,232,232,243,234,293,0,227,250
MAP3K3,226,230,242,239,239,228,229,240,240,230,235,238,247,224,233,224,241,249,233,216,240,239,244,226,237,236,230,238,239,250,236,226,228,231,243,238,244,31,235,234,246,242,236,239,243,235,233,244,240,233,233,235,237,213,240,215,234,236,234,220,237,245,221,245,227,0,242
ALK,228,230,250,237,251,230,225,251,245,237,228,252,256,236,242,246,255,258,245,224,239,235,235,229,240,251,225,227,249,254,252,222,235,251,248,253,253,244,249,250,248,248,237,248,248,254,254,242,257,254,243,203,247,250,240,247,230,247,245,229,229,242,244,248,250,242,0
