Kinase	TCGA-13-1484	TCGA-13-1489	TCGA-13-1494	TCGA-13-1499	TCGA-13-2071	TCGA-23-1123	TCGA-23-1124	TCGA-24-1103	TCGA-24-1104	TCGA-24-1428	TCGA-24-1430	TCGA-24-1435	TCGA-24-1466	TCGA-24-1467	TCGA-24-1545	TCGA-24-1550	TCGA-24-1551	TCGA-24-1552	TCGA-24-1553	TCGA-24-1555	TCGA-24-1556	TCGA-24-1562	TCGA-24-1563	TCGA-24-1603	TCGA-24-1604	TCGA-24-1923	TCGA-24-2020	TCGA-24-2023	TCGA-24-2024	TCGA-24-2030	TCGA-24-2260	TCGA-24-2267	TCGA-24-2288	TCGA-24-2289	TCGA-25-1316	TCGA-25-1319	TCGA-25-1320	TCGA-25-1321	TCGA-25-1628	TCGA-25-1630	TCGA-25-1635	TCGA-25-2400	TCGA-25-2404	TCGA-25-2409	TCGA-29-1688	TCGA-29-1693	TCGA-29-1762	TCGA-29-1763	TCGA-29-1774	TCGA-29-1775	TCGA-29-1776	TCGA-29-1777	TCGA-29-2414	TCGA-29-2432	TCGA-30-1866	TCGA-36-1576	TCGA-36-1581	TCGA-36-2529	TCGA-36-2530	TCGA-36-2543	TCGA-42-2588	TCGA-42-2590	TCGA-61-1741	TCGA-61-1907	TCGA-61-1919	TCGA-61-1995	TCGA-61-2008	TCGA-61-2095	TCGA-61-2612
CDK2	-0.43686522724189397	-0.7604567026772642	-0.40770407152268323	-0.6560994435677406	-0.3576862215176669	0.5541635859701147	0.07378328632478634	-0.14145144264680234	-0.44706930961792113	0.2323405622730575	-0.3587483389865344	-0.06906382071632071	0.045882232442036645	0.25487528696127987	-0.1626338253688371	0.06952516256539391	-0.48750579496294244	0.22957070863251286	-0.2748744902203615	-0.2798685517203203	0.053554647690243144	-0.13812105881155878	-0.9349384853459904	-0.08998574858627215	-0.5759778812476554	-0.11155562820313307	0.057584975895201396	0.07312891808039457	-0.13119816132139464	0.20944366032908882	-0.039999638024042584	0.1757813143569098	-0.17357144441645603	-0.4401291791708924	0.2243188768511083	-0.2210276553613685	-0.28684309077146547	0.23781995362794667	0.12453002371541211	-0.22247211023440705	-0.4597430946275949	0.25598994972347916	-0.7013465017636688	0.010053721152050523	0.2014349411884411	-0.39681001584502756	0.20208044514899973	0.06263802915479584	0.07172880318623169	-0.13599658642488327	-0.4111000140753738	-0.2538138902010378	-0.2630580843847512	-0.06795871303871971	0.847980140199669	-0.25103062538519677	-0.2239449854584569	0.04422139256083056	0.12242665259129291	-0.0064582215176669094	-0.07110041726613052	-0.4957359407725028	0.18771993391670058	0.22854947680097681	0.1635506410934745	0.0010153441866775491	-0.23007912829627578	-0.7985503112874778	0.20543987046134696
ATM	0.18275000000000002	0.16990000000000005	-0.7692509803921569	-0.7474787499999999	-0.13825098039215686	-0.08700098039215683	-0.013500000000000012	-0.7077499999999999	-0.07450098039215686	-0.11452875000000001	0.048349999999999976	0.431175	-0.28750000000000003	-0.31200000000000006	-0.012500980392156885	-1.1185009803921566	0.14400000000000002	0.10660000000000003	0.28774901960784316	0.20524901960784314	0.23772125000000002	0.50225	0.09672125000000001	0.011774019607843154	0.3499	0.8032212500000001	-0.93625	-0.004500980392156878	0.03824999999999995	-0.32925	0.37572125000000006	0.3407212500000001	-0.2735259803921568	-0.0365	0.3862490196078431	-0.10529999999999998	-0.07975000000000002	0.12800000000000003	0.12899901960784313	-0.05012874999999998	0.24975	-0.1595	0.229	0.26849999999999996	-0.08142500000000001	0.3364990196078431	-0.00632598039215685	0.3925	-0.19274999999999998	-0.14577874999999998	0.31875	-0.41574999999999995	-0.472175	0.1713	0.0743	-0.24627900000000003	-0.6137509803921568	0.12775	-0.7007999999999999	0.10139901960784314	0.13425	0.12675	-0.5955	0.014049999999999993	-0.46170000000000005	-0.01720000000000002	-0.06499999999999997	-0.7934999999999999	0.05914901960784316
AKT2	-1.2320300595238096	-2.5704192708333333	-0.25308839285714285	-1.3566833333333332	-0.07526755952380952	0.07787499999999997	-0.3614	-0.8744365410052911	-0.2294008928571428	-0.278875	0.20027239583333337	-0.33553148148148154	0.04014739583333337	-0.29189255952380955	0.20669095899470902	0.6890749999999999	0.24362499999999998	0.002147395833333343	-0.518375	-0.870725	0.01208585482804235	0.030718518518518534	0.16675	-0.44783839285714283	-0.6568826636904761	0.76075	-1.0969326636904764	-0.964213392857143	-0.03938408564814812	-1.3191026041666665	-0.12003914517195764	-0.19953914517195764	-0.445311541005291	0.24764739583333337	-0.36650000000000005	0.4151473958333333	0.25974233630952376	0.03859494047619049	0.23591160714285717	0.5384416666666667	-0.07299999999999998	-0.3716249999999999	0.4757778409090909	-0.112175	-0.35078148148148147	-0.39708654100529106	-0.5210675595238096	0.34174091435185183	-0.8782901041666666	0.08179166666666667	-0.079136541005291	-0.127225	0.0639699404761905	-0.15911755952380952	0.2607875	-0.38359010416666667	-1.2456250000000002	0.29770572916666665	-0.504311541005291	-0.34873005952380953	0.7271473958333334	-0.8623317708333335	-0.1392590856481481	-1.171625	0.6164028409090908	-1.1711175595238095	-0.7896125	-0.6538471590909091	0.11194910714285718
ABL1	-1.3066666666666664	-1.9639999999999997	-0.3596666666666666	-0.1968119913419912	-1.0786666666666667	0.10999999999999997	-1.1593333333333333	-0.8061333333333334	-0.1103333333333333	-0.19266666666666665	0.3296666666666666	-0.2316666666666666	-1.9666666666666668	-0.5493333333333333	-0.18966666666666668	-0.5620000000000002	-0.576	0.4478666666666667	0.5933333333333334	-0.6626666666666666	-0.1222126984126984	-0.7760000000000001	-0.48300000000000004	0.36733333333333335	-0.36433333333333334	-0.42	1.274333333333333	0.05833333333333331	0.19266666666666668	-0.4713333333333332	-1.172879365079365	-0.4808793650793651	-0.012220000000000002	0.009333333333333305	0.5666666666666667	0.20633333333333334	-0.226	0.24006666666666668	0.5584666666666668	-0.1968119913419912	-0.9866666666666667	-0.08133333333333333	0.060000000000000005	-1.178	0.6126666666666667	-0.21766666666666667	0.5153333333333333	0.12266666666666663	0.19933333333333336	-0.1968119913419912	0.32799999999999996	0.6041	0.6263333333333333	0.5263333333333334	-1.1453333333333333	-0.40633333333333327	-1.1933333333333334	0.6610333333333334	-0.6960000000000001	-0.06000000000000002	1.57	-0.0038000000000000013	-0.06166666666666667	0.057666666666666644	-0.26333333333333336	0.32566666666666666	-0.34900000000000003	-1.1353333333333333	-0.13099999999999998
IRAK4	0.6927500000000001	-0.9934338760504202	-0.20452361964016375	-0.6309338760504202	-0.2270897435897436	0.932	-0.2473397435897436	-0.669886274509804	-0.12167361964016375	0.68425	-0.3824760180995475	-0.22033974358974362	-0.3339760180995475	0.04871220238095238	0.33014745879120877	0.22951118428140482	-0.5000897435897436	-0.1088510180995475	1.2702499999999999	0.12676118428140487	-0.12840989414996767	0.1595602564102564	0.534575	0.08317984943977592	-0.060262797619047626	-0.21707500000000002	-0.27026279761904765	-0.04607015056022408	0.011724999999999985	-0.6445108220211162	-0.12840989414996767	-0.12840989414996767	0.11139745879120878	-0.33775	-0.12623881571859513	-0.5846250000000001	0.06723720238095238	-0.17976279761904762	0.08322638035983623	0.16181612394957984	-0.4798397435897436	-0.15975	-0.790886274509804	-0.42374999999999996	0.2381602564102564	-0.8321025412087912	-0.48433974358974363	-0.15025	-0.7595108220211162	-0.67843387605042	-0.7463862745098039	-0.1724272435897436	-0.9359999999999999	-0.031187797619047636	0.31725	-0.07428582202111614	-0.4726	-0.0034338760504201565	-0.6008862745098039	0.7061602564102565	0.355	-0.3604338760504202	-0.242225	0.2569102564102564	0.24961372549019606	0.5439	-0.2630397435897436	-0.878636274509804	-0.02157015056022407
PAK1	-1.2610307692307694	-1.3451429551421712	0.014976377874606614	-0.7738330009496678	-0.03859560032560033	-0.2639847644850912	-0.09426262108262107	0.09267503323836658	-0.21641728879205996	-0.04402700538144982	0.3704220892687559	-0.06441780626780634	0.31619245963912634	0.4125153909465021	0.1355116872427984	0.4120788065843621	0.13893124238869337	0.3063261633428302	0.26869671699639014	-0.8682915637860084	0.071254957898069	-0.26347150997151014	-0.28070848686293143	0.3627746502057613	-0.14993626581648806	0.15769151313706867	-0.8261214510016734	-0.18981423868312758	0.3302607312440646	-0.4027911206077872	0.293854957898069	0.503780883823995	-0.27085497942386827	0.18620046637458398	0.042634362139917684	0.17934491081902845	-0.07790293248315472	-0.21481053497942396	0.394519748244977	0.054700332383665715	-0.6320307692307694	-0.32207891737891736	-0.13090528182783093	-0.5374752136752137	-0.18663447293447288	-0.2504105349794239	0.028522918192918193	0.6297325830959166	-0.3691171206077873	0.1320188509021842	0.12968614434947764	0.009383094240545233	0.037324786324786335	-0.05097349794238684	0.24435811965811963	0.18151073124406455	-0.1598218015221283	-0.42977258477180047	-0.2886249667616335	-0.10547967439967444	0.2020286145227322	-0.49099480699402276	0.45019776828110153	-0.5722233618233619	0.19907249594994691	-0.3606529914529914	-0.4519465353890844	-0.8473126892352383	0.12689316872427983
PAK2	-0.961	-0.9606666666666667	0.17728555555555556	-0.4326666666666667	0.05428555555555551	-0.007966666666666669	-0.007353333333333333	-0.21253031746031747	-0.20838111111111113	-0.6003333333333333	-0.15601444444444448	-0.012333333333333344	-0.3210477777777778	-0.27404777777777783	-0.10371444444444448	-0.2316666666666667	-0.2633811111111111	-0.3560477777777778	-0.25733333333333336	-0.9109999999999999	-0.21253031746031747	-0.1998	-0.18356666666666668	-0.21871444444444446	-0.6760477777777778	0.312	0.014952222222222181	-0.02871444444444445	-0.06880000000000001	-0.28700000000000003	-0.21253031746031747	-0.21253031746031747	-0.02704777777777778	-0.17678111111111114	-0.614	-0.31071444444444446	-0.00971444444444447	-0.11504777777777779	-0.1060477777777778	-0.1462	-0.44300000000000006	0.21366666666666667	-0.03400000000000003	0.40973333333333334	-0.18839999999999998	-0.2563811111111111	-0.1010477777777778	-0.10053333333333332	-0.17833333333333334	-0.7976666666666667	-0.21253031746031747	-0.3483811111111111	0.3263666666666667	-0.30204777777777775	-0.084	0.30693333333333334	-1.2369999999999999	0.20366666666666666	-0.21253031746031747	-0.15261444444444447	-0.17688111111111113	-0.453	-0.36533333333333334	-0.23233333333333336	0.24300000000000002	0.11323333333333334	-0.44938111111111106	-0.4226666666666667	-0.20838111111111113
SRC	-1.201143153846154	-2.0990091215277777	-1.2632623824786329	-1.7805319762286325	-0.430036153846154	-1.0154729912587412	-0.2620977777777778	-0.1501519762286325	0.062407617521367496	0.02560699999999997	0.06580748317307693	0.8214500000000001	-0.12140951682692307	0.4535018461538464	-0.6004796047008549	-0.3586326816239317	-0.8291929999999998	0.28456548317307695	-0.9551429912587415	-0.6513626816239315	-0.35914238247863234	-0.4048399999999999	-1.0916430000000001	0.06231384615384612	-0.5455091215277779	-0.16092749999999972	-0.4437091215277782	0.6521638461538459	-0.21914345085470086	-0.12659604460470084	-0.6314423824786324	-0.5702423824786325	-0.14167960470085478	-1.1730995168269234	-0.9136176816239321	-0.23560451682692304	0.6294608784722222	-0.4861431538461537	-0.3592923824786324	-0.40008197622863245	-0.3311627777777778	-0.31450000000000006	-0.3284265277777777	-0.055199999999999985	-0.06716499999999997	-0.4259696047008548	-0.2608361538461538	-0.19709345085470087	-0.9420260446047009	-1.0927319762286325	-0.7289819762286326	-0.47219300000000003	-0.7423431538461535	0.20962684615384627	0.9378	-0.47107604460470076	-0.21652799125874136	0.46364087847222224	-0.24903197622863243	-0.16863615384615377	-0.057969516826923015	-0.33985912152777775	-0.20439345085470087	0.09570172222222231	-0.014696527777777768	-0.2967431538461538	-0.658643	-0.8921765277777778	-0.3626061538461537
PDK1	-0.307	1.03	-0.08017894736842103	-0.8609999999999999	-0.08017894736842103	0.63	-0.0217	0.295	-0.08017894736842103	-0.4539999999999999	0.767	0.413	0.7040000000000001	-0.08017894736842103	-0.08017894736842103	-1.11	-0.65	0.532	-0.35800000000000004	1.0	0.606	1.2	-0.738	0.66	-0.214	-0.7879999999999999	-0.503	0.317	-0.544	-0.13699999999999998	0.26500000000000007	0.511	-0.08017894736842103	0.151	0.0742	-0.442	-1.0999999999999999	-0.08017894736842103	-0.08017894736842103	-1.7899999999999998	0.7190000000000002	0.18399999999999997	-0.7490000000000001	1.3	0.503	-0.08017894736842103	-0.08017894736842103	-0.39999999999999997	-0.7400000000000001	-2.01	-0.133	-0.682	-1.2	-0.08017894736842103	0.747	-1.21	-0.963	-0.0147	0.167	-0.08017894736842103	-0.11900000000000001	0.7400000000000001	-0.466	0.113	-0.151	0.924	0.9800000000000001	-0.19699999999999998	-1.05
CDK4	-0.046099999999999995	-1.855857142857143	-1.2575296296296297	-0.8822361904761904	-0.42085714285714293	0.25883047619047617	0.1590571428571428	-0.2780409523809524	-1.0172439153439155	-0.8027811904761906	-1.5491200000000003	0.33955714285714284	-0.28354857142857137	0.23157333333333338	-0.29255629629629626	-0.07076952380952382	-0.6004649130763416	0.26342285714285724	-0.10031238095238094	-0.049812380952380955	-0.1437013416477703	0.7517142857142858	-0.730209761904762	-1.1845571428571429	-1.1081714285714284	-0.06908119047619049	-0.3695714285714286	0.36528571428571427	-0.21531547619047622	0.6037638095238096	-0.2049870559334846	-0.12470134164777032	-0.04284201058201059	-1.9848153439153438	0.2695447619047619	0.13977608465608463	0.4311428571428571	0.19454476190476191	0.21061322751322753	-0.2790933333333333	-0.5901428571428571	1.220857142857143	-1.4206647619047619	0.31351428571428575	0.7862857142857144	-0.35355629629629626	-0.6751142857142856	-0.29618690476190473	-0.04452190476190477	-0.6945219047619048	-0.4691695238095238	-0.6006077702191989	-0.971142857142857	-0.2925980952380952	0.4648999999999998	0.2088495238095238	0.008459047619047652	0.33761428571428576	0.47811619047619053	0.04714285714285711	-0.05560105820105821	-0.8682	-1.0014726190476189	0.2454285714285715	0.06519238095238096	-0.5938571428571428	-0.39160777021919885	-0.8733790476190476	-0.05517142857142859
CDK6	-0.6993333333333333	-0.4176666666666667	-0.9692207936507936	-0.46555412698412707	-0.354054126984127	-0.4053333333333333	0.061700000000000005	-0.07316666666666667	-0.5825541269841271	0.3166666666666667	-0.43833333333333346	0.09406666666666667	-0.15916666666666665	0.3216125396825396	-0.11938746031746032	0.16227920634920628	-0.5166489417989419	1.5865	-0.053166666666666716	-0.2414707936507937	-0.10291306878306879	0.7655	-0.23033333333333328	0.05833333333333324	-0.7911666666666668	-0.6040166666666666	-0.719	0.478	0.0066292063492063525	0.2319999999999999	-0.1717797354497355	0.4816202645502646	-0.15005412698412698	-0.48676666666666674	0.14944587301587298	-0.5495000000000001	0.03599999999999994	0.03827920634920636	0.25094587301587296	-0.24405412698412707	-0.614	-0.16772079365079365	-0.3549515873015873	-0.08988746031746031	0.30983333333333335	-0.24005412698412706	-0.458054126984127	-0.1264374603174603	-0.8431666666666667	-0.34072079365079366	-0.32489999999999997	-0.7303156084656085	-0.4987066666666667	-0.13022079365079364	0.10616253968253969	-0.12983333333333333	0.39019999999999994	-0.7205	0.6488333333333335	-0.11538746031746032	-0.13158333333333333	-1.118	-1.042554126984127	0.3201666666666667	-0.04511825396825397	-0.5393333333333334	-1.1403156084656085	-0.15511825396825396	-0.01969
CDK5	-0.4902692307692308	-1.1067830091222879	-0.20252603750426598	-0.6264316789940829	-0.11339409320976916	-0.24984503205128203	0.2769050527903469	0.017367900641025665	-0.24828484519657368	-0.2954423076923077	0.3157063348416289	0.3016171225071225	-0.15904366515837107	-0.05347166101055808	0.23802541121368265	0.021897956881522476	-0.20256158653846154	0.16362595022624432	-0.0904719551282051	-0.3611020431184775	0.3137811496564439	0.11742096866096864	-0.12212307692307695	-0.08155614421618154	-0.20562625667130754	0.11368076923076921	-0.7766262566713077	-0.13598152883156625	0.33704615384615383	-0.1291084898915187	-0.18973808111278703	0.05641576504105915	-0.4381361272478558	0.04286575690335305	-0.06762935081078526	-0.06077655078895464	-0.01906087205592298	0.01985478129713422	0.12365361634188783	-0.032422832840236684	-0.10407187028657618	0.10048461538461544	-0.35643725490196076	0.1917538461538461	0.052451737891737855	-0.061289973401701975	0.05237513755946163	-0.056350000000000025	-0.305866182199211	-0.41329975591715973	-0.02813209935897434	-0.12274620192307692	0.05309615384615388	0.11160526206636502	0.5780230769230769	-0.20431618219921108	-0.7460046474358974	0.38525545241617354	0.10826405448717952	-0.3642787085943845	0.2855003722879684	-0.41582916296844186	-0.24400000000000005	0.21490889894419304	0.30512043740573147	0.03361538461538464	-0.7070346634615384	-0.7582834087481147	0.13087231732228
CDK9	0.30684285714285714	-1.2097142857142857	-0.5105529598506069	-0.33920280112044826	-0.4596453968253968	0.10456190476190474	-0.1815809523809524	-1.5395714285714284	-0.44483867413632117	-0.6125456582633053	-1.4574005788982258	0.03942857142857142	-0.1472577217553688	0.7327926984126985	0.0600784126984127	-0.13541010270774978	-0.5466238095238094	0.2615994211017741	-0.14243809523809525	-0.43912438842203544	-0.32117179138321994	-0.0799857142857143	-0.5256313725490196	-0.4914285714285715	-1.3284857142857143	-0.2747742296918768	-1.1625714285714286	0.9004285714285715	-0.33358095238095237	1.0919355555555554	-0.31291464852607703	-0.2271289342403628	-0.2711215873015873	-0.6627238095238095	-0.17198153127917834	-0.2481523809523809	-1.3326285714285715	1.1349355555555556	-0.15141010270774974	-0.39734565826330537	-0.375295238095238	-0.8365714285714285	-0.3896768147258904	-0.0828857142857143	0.5097142857142858	-0.220635873015873	-0.29635968253968253	-0.1647666666666667	-0.8220644444444447	-0.2207742296918768	-1.0959999999999999	-0.49158095238095223	-0.8024628571428571	-0.03429301587301586	0.3368142857142856	-0.09149301587301586	-0.4735809523809524	-0.49688571428571426	-1.3011428571428572	-0.3043596825396825	-0.1162952380952381	-1.6244285714285718	-0.4827523809523809	0.0004190476190476046	0.1626088995598239	-0.04490000000000004	-0.5024380952380952	-0.8765196718687475	0.6064285714285714
MAPKAPK2	-0.1159756901041667	-1.7413638236607143	-0.17268088099180917	-0.6618685653390523	-0.4239805732901868	-0.2742349666399572	-0.05747997115384615	-0.033655437326388864	-0.22689338099180908	0.08591946920955884	0.10583775277777781	0.2546138888888889	-0.03720293472222221	0.10744448730349515	0.035195194988583034	0.39079902972247665	-0.030895790598290604	0.02207025277777781	0.23900878336004272	-0.44355722027752337	-0.2171351713770604	0.3397138888888889	-0.2564055307904412	0.1930044757294211	-0.457762484375	0.3451507192095588	-0.591843734375	-0.31918052427057897	0.16236934086134458	-0.2279325892857143	-0.1547726713770604	-0.21221017137706044	-0.06200655501141697	-0.106799984375	-0.016888470277523382	-0.347149984375	0.064293765625	-0.30479301269650483	0.2420941190081909	0.019875184660947703	-0.3567038461538462	-0.2888075892857143	0.2356715482026144	-0.07056571428571427	-0.04137361111111107	-0.407194055011417	-0.41366807329018684	-0.3067137841386555	-0.21586883928571426	-0.07817481533905228	-0.16465543732638885	-0.2114832905982906	-0.3433131901041666	-0.3517430126965049	0.5882299107142857	-0.3404575892857143	-0.5040849666399574	-0.4656763236607144	-0.24494918732638885	-0.010211823290186783	0.19485001562499998	-0.8700325736607141	-0.08900753413865548	0.023330528846153845	-0.12525345179738562	-0.2934881901041667	-0.9426207905982906	-1.1587159517973857	-0.19141427427057894
AKT1	-0.5657689809879177	-1.1636206247729604	-0.30041148162084075	-1.1051169437267443	-0.2849402884515332	0.09884725614352481	0.0013638600647555967	-0.06772470159125012	-0.15495476520293025	-0.13247133783463633	-0.06665816563072086	-0.16416892807205805	-0.06512697160087011	0.10523571186434776	0.2369793703692091	0.1885126873201685	-0.02171917634051963	0.091755714966294	-0.007719609528116978	-0.5467749246201299	-0.11285346194633739	0.18208629580853908	-0.1385698452973229	-0.01972395321013981	-0.2592262003474691	0.306064483060886	-0.5833873943773197	-0.22582484873252778	0.09099009279001817	-0.6934265561083471	-0.14998629776723293	-0.23739674552842696	-0.2082000326158655	-0.07584278594538975	-0.10053955148580163	0.006612721517296797	0.0019618593540235403	0.0714655626106164	0.25596165270751753	0.2857188771687779	-0.11662569217405042	-0.0721402159835741	0.17945590049033333	-0.23507752941640997	-0.11570922657952065	-0.3475836147054179	-0.337497154123175	0.07190621219300324	-0.5099361381978995	0.12282932492997198	0.1310887312445707	0.0027150027639579943	0.09015489960909735	-0.04800607918042839	0.2785582914791123	-0.3305011829740187	-0.6639225946027439	-0.13389226656400538	-0.32431753741214564	-0.052672825764966014	0.2886394230098342	-0.6833758486535573	-0.0997645340756535	-0.4585122593382294	0.0718081392963035	-0.59112480188344	-0.7254118629076838	-0.6301761890619056	0.13592321096896473
CDK7	-0.13800641025641025	0.30783333333333335	-0.2517397435897436	-0.4180245584045584	-0.2981666666666667	0.5659818518518519	0.028431851851851864	0.25145	-0.5613397435897436	0.13580877492877497	0.2783610897435898	-0.37600641025641024	-0.9573055769230768	0.08867544159544159	-0.5733333333333333	-0.0008167845117844963	-0.0893333333333333	0.24302775641025642	-0.06635148148148151	0.03307321548821549	0.2853429415954416	-0.3974897435897436	-0.43619122507122504	0.08650000000000002	-0.7158333333333333	-0.21869122507122507	0.9169333333333335	-0.14918333333333333	0.2658429415954416	0.61035	-0.04315705840455841	0.14784294159544156	-0.018816666666666666	-0.7542658333333335	0.03640654882154881	-0.3296658333333333	-0.29048333333333337	0.30637544159544156	0.10967692307692307	-0.07519122507122507	0.07448185185185185	0.5174	-0.2518055769230769	-0.26816666666666666	0.21443858974358979	-0.58085	0.24661666666666662	-0.09332372507122506	-0.055850000000000004	-0.1498912250712251	-0.3692333333333333	-0.8247166666666667	-0.5508397435897435	-0.30528122507122507	0.16433333333333336	-0.05449999999999999	-0.5700181481481481	-0.2555	0.1485	0.30949999999999994	-0.7107991666666665	-0.6708333333333334	0.4600096082621083	0.36668518518518517	0.25586108974358973	0.214826923076923	-0.32416666666666666	-0.1336889102564102	0.4078333333333333
MAP3K7	-0.49379999999999996	-0.39696000000000004	-0.08982182619047618	-0.7325568261904761	-0.11822182619047625	0.09357611111111111	0.07540000000000005	0.4354	-0.06395182619047617	-0.22283571507936512	-0.01149000000000001	0.34407611111111114	-0.11668999999999999	-0.1239357150793651	-0.05741571507936509	-0.12348571507936512	-0.4006	0.32814999999999994	0.14158611111111113	-0.1572857150793651	-0.1208981363636364	-0.1272138888888889	-0.2219357150793651	0.029964284920634916	-0.17822182619047622	-0.005525715079365091	-0.03742182619047622	0.07284628492063491	0.12913611111111112	0.2536	-0.27008213636363637	-0.2334821363636364	-0.11279671507936509	-0.2676	-0.1147157150793651	-0.13199999999999998	-0.21764182619047617	0.07779428492063492	0.020388173809523798	-0.048996826190476184	-0.36054	0.1403661111111111	0.07478999999999998	-0.17128388888888887	-0.19997388888888895	-0.23928571507936508	0.048828173809523805	-0.0567538888888889	-0.52404	-0.2360068261904762	0.21380000000000005	-0.3903	0.0507	0.013674284920634893	0.3614861111111111	-0.3028	-1.0170138888888889	-0.037259999999999995	-0.03426999999999997	0.06147817380952379	0.34778000000000003	-0.134	-0.4195038888888889	0.18536000000000002	-0.17413000000000003	-0.18263669999999999	-0.7057200000000001	-0.71935	-0.11329571507936509
MARK2	-0.4717333333333334	-0.6409555555555555	-0.0929170223398001	-0.5459860699588478	-0.08800000000000006	0.3855295414462081	0.04536966490299829	0.24611111111111109	-0.32263924456202225	-0.07109021164021165	0.03221358024691357	0.5150956790123457	0.000724691358024702	-0.18201543209876545	0.07824312169312168	-0.12483518518518519	-0.41895308641975315	0.3284358024691358	0.3325295414462081	-0.2401351851851852	-0.15996462241462245	-0.10835987654320987	-0.249423544973545	0.029902818930041146	-0.16484197530864197	0.09568756613756613	-0.15495308641975314	0.07379170781893002	0.05318059670781894	-0.07222222222222217	-0.4082979557479558	-0.12407573352573358	-0.008167989417989427	-0.462010582010582	-0.0806351851851852	-0.23312169312169317	-0.06564197530864198	0.2212067901234568	0.02441631099353322	-0.1642749588477366	-0.39594144620811295	0.1755628747795414	-0.10863924456202233	-0.16571490299823635	-0.26512654320987655	-0.0636457671957672	-0.11824444444444444	0.04518059670781893	-0.6568777777777778	-0.25281940329218106	-0.00922222222222215	-0.3296197530864198	-0.14711111111111108	0.2631256790123457	0.3213073192239858	-0.377	-0.9846926807760141	-0.03211111111111112	0.026488888888888933	0.18266666666666667	0.16674497354497353	-0.1708222222222222	-0.43804162551440334	0.1386585537918871	-0.050261466784244556	-0.11482222222222219	-0.7386197530864198	-0.5674170223398002	-0.15827495884773662
GSK3B	-0.3929803532763529	-0.4310715343915342	-0.521912872755185	-0.7771833158142265	-0.1884527599782934	-0.1512841614220736	-0.17924464215167546	-0.15096925518925516	-0.1316119838662961	0.19281788447971787	-0.186753249382716	0.2231326788359791	-0.06461924938271604	0.2061528122145344	-0.317907664740198	-0.4593276000735459	-0.3346383410934742	-0.36906813827160506	-0.4461886058665185	-0.28741648896243455	-0.24250256391012076	-0.05546154338624338	-0.5736910044091713	-0.07892141018405464	-0.2611800596255595	0.049173440035273366	-0.6270725040700046	0.06774747870483423	-0.2975264109347442	0.040254757156423834	-0.13672700835456508	-0.23084256391012062	-0.27320766474019814	-0.8682216343598788	-0.37656226674021237	0.09868592119567676	0.07277416259666254	-0.10788496556324338	-0.07354531719962946	0.19520379529688417	-0.08672197548500885	0.11536690909090909	0.06959123738977079	-0.2065890909090909	-0.058569543386243386	-0.19061433140686476	-0.1888372044227378	-0.07459707760141093	-0.44201502062135395	-0.28507220470311573	-0.4005225885225887	-0.23644011887125227	-0.4938914643874645	0.10222170110342325	0.3315597979797976	-0.45515946506579824	-0.5925325391998515	0.316521798941799	0.020237411477411482	-0.37197942664496	-0.009120745470989913	-0.49404486772486755	-0.008428633156966469	-0.1023299754850088	-0.04759987372134038	0.06306853561253563	-0.024049007760141124	-0.5335687626102296	-0.21911252129516587
JAK2	-1.7005714285714286	-2.88	-0.21276320734820736	-3.3682094627594634	-0.3175295238095238	-0.20390549450549453	-0.18187539682539683	-0.1657808913308913	-0.21276320734820736	-0.1141428571428572	0.17874307692307695	-0.8598571428571429	-0.512476923076923	-0.5827142857142856	0.11070593406593408	-0.4537571428571429	0.55691	-0.6267626373626374	0.714065934065934	-0.5615714285714287	0.20450482295482297	-0.13124285714285713	-0.7407285714285713	0.7187142857142856	0.40694285714285716	2.2988571428571425	-0.8187142857142858	-0.392	0.6123802197802197	-1.8414769230769232	-0.4680666056166056	0.24150482295482295	-0.47147692307692307	-0.9027626373626374	0.4145714285714286	0.4418087912087912	0.08602857142857145	0.07685714285714283	-0.21276320734820736	-0.4914951770451771	-0.9727325396825398	-0.06485714285714288	-0.0032428571428571346	0.11557142857142859	0.07685714285714286	-0.7119054945054945	-0.05267238095238101	1.1150945054945054	-1.2900483516483519	0.3365191086691087	0.10021910866910869	1.0478571428571428	0.255	0.4397142857142856	0.5654285714285714	-0.5776912087912088	-0.2638912087912088	0.1268	-0.9682094627594626	0.12804190476190475	1.2533802197802195	-0.581857142857143	0.21338021978021976	-0.432718253968254	-0.5073142857142857	0.03528571428571427	-0.2407142857142858	-1.2144285714285716	-0.24471428571428566
MAP2K1	-2.1954285714285713	-2.7228571428571433	-0.2527660678210679	-4.965857142857144	-0.3581682539682541	-0.24700000000000005	0.5701428571428572	-0.22277142857142856	-0.2527660678210679	0.642042857142857	0.10007714285714286	-1.3968571428571432	-0.23214285714285715	-0.02985714285714287	0.07504285714285715	-0.4727	0.4223385714285714	-0.5889714285714286	1.1136285714285714	-0.6145714285714287	0.33685714285714285	-0.06454285714285714	-0.8138714285714286	1.084857142857143	0.043000000000000003	2.4654285714285717	-0.8977142857142857	-0.13942857142857146	1.3914285714285715	-2.2737142857142856	-0.6082857142857143	0.4132857142857143	-0.9471428571428573	-1.2109999999999999	0.9472857142857143	0.5730000000000001	0.012285714285714289	0.015428571428571427	-0.2527660678210679	-0.6667142857142858	-1.3291428571428572	-0.6598571428571428	-1.3139571428571428	-0.5481428571428572	-0.04182857142857143	-0.6675714285714286	-0.3193111111111112	1.8927142857142856	-1.4790428571428567	0.6366571428571428	0.18542857142857144	0.7499	0.9783285714285714	0.4882857142857143	-0.10271428571428567	-0.7358571428571429	-0.21635714285714286	7.142857142857149e-05	-1.527	-0.3581682539682541	1.749142857142857	-0.6200142857142856	0.4238571428571429	-0.08221428571428571	-0.40157142857142863	0.23414285714285715	-0.682142857142857	-1.4042999999999999	-0.06842857142857142
MAP2K2	-2.73	-2.65	-0.2942355555555557	-5.650000000000001	-0.2942355555555557	-0.5770000000000001	0.86	-0.349	-0.2942355555555557	0.9309999999999999	0.11	-1.8099999999999998	-0.235	-0.245	-0.00424	-0.799	0.725	-0.599	1.38	-0.7140000000000001	0.18299999999999997	-0.0639	-0.634	1.33	0.0632	3.24	-0.9250000000000002	-0.14400000000000002	1.7	-2.74	-0.843	0.7120000000000001	-1.01	-1.38	0.924	0.693	-0.17699999999999996	-0.19600000000000004	-0.2942355555555557	-0.932	-1.59	-0.7920000000000001	-1.89	-0.5379999999999999	-0.106	-0.6709999999999999	-0.2942355555555557	2.42	-1.63	0.904	0.24100000000000002	0.892	1.07	0.556	-0.16399999999999998	-1.0	-0.0363	-0.0998	-1.78	-0.2942355555555557	2.1	-0.779	0.526	-0.055799999999999995	-0.8290000000000001	0.205	-0.73	-2.0	-0.204
RET	-1.3234	-2.774	-0.22518538893459486	-3.6020338461538466	-0.3492345882352942	0.1982661538461538	-0.5476000000000001	-0.10813384615384618	-0.22518538893459486	-0.20450000000000004	0.14032015384615384	-0.28569999999999995	-0.5295338461538461	-0.36286392156862746	-0.0650697677224736	-0.3180939215686275	0.304237	-0.35693384615384616	0.5588661538461538	-0.4358639215686275	0.12930615384615385	0.5109300000000001	-0.7161099999999998	0.4216360784313725	0.6642599999999999	1.1782	-0.4913000000000001	-0.2283639215686275	1.0866661538461535	-1.7760338461538467	-1.4239338461538462	-0.15563384615384615	-0.5439977677224735	-0.595273846153846	0.2242360784313726	0.21736615384615385	0.11921999999999999	-0.02916392156862745	-0.22518538893459486	-0.37193384615384617	-1.0328000000000002	0.006599999999999939	-0.07407000000000001	0.2634	0.09802	-0.47129776772247356	-0.05963458823529416	0.6542661538461539	-0.9840338461538461	-0.13832384615384616	-0.04613384615384613	0.8001999999999999	0.23099999999999987	0.1717360784313726	0.31182	-0.5415338461538463	-0.16352384615384613	0.27846000000000004	-0.5756338461538462	-0.056934588235294147	1.0127661538461539	-0.5376	0.17066615384615386	-0.06518999999999997	-0.28589999999999993	0.044599999999999994	-0.6288	-1.1577	-0.2454639215686274
FYN	-2.03	-3.11	-0.568	-0.23589893939393916	-1.12	0.38799999999999996	-1.93	-1.19	-0.38799999999999996	-0.598	0.299	-0.6509999999999999	-3.6	-0.9179999999999999	-0.397	-0.406	-0.6559999999999999	0.7120000000000001	0.105	-0.6940000000000001	-0.124	-0.885	-0.423	0.179	-0.7859999999999999	-1.55	2.09	-0.273	0.789	-0.368	-1.7	-0.662	-0.00513	0.511	1.71	0.198	-0.655	0.0481	0.809	-0.23589893939393916	-0.895	0.107	0.17800000000000002	-1.4	0.727	-0.267	0.368	0.569	0.777	-0.23589893939393916	0.9159999999999999	0.866	0.682	0.29	-1.94	-0.301	-0.49	0.9570000000000001	-0.706	0.198	1.75	0.0212	-0.247	0.431	0.355	0.769	-0.659	-0.7929999999999999	0.0165
ATR	-0.23666666666666666	-0.11845897435897433	-0.20832694821518347	-1.54	-0.20832694821518347	-0.20832694821518347	0.07633333333333332	-1.5173333333333332	-0.20832694821518347	0.028999999999999953	-0.1668666666666667	0.754	-0.4673333333333334	0.1720076923076923	-0.20832694821518347	-0.20832694821518347	0.09000769230769236	-0.30920000000000003	-0.20832694821518347	-0.20832694821518347	-0.4206589743589743	-0.072	-0.6086666666666667	-0.22200130718954247	-0.06713333333333331	0.3133333333333334	-0.4469999999999999	-0.04503464052287579	-0.9153333333333333	-0.4606666666666666	-0.15332564102564097	-0.46665897435897435	-0.20832694821518347	-0.6433333333333334	-0.20832694821518347	-0.6447333333333333	0.11266666666666662	-0.10939230769230766	-0.20832694821518347	-0.15613333333333332	-0.09133333333333334	0.5186666666666667	0.198674358974359	0.27266666666666667	0.16233333333333338	-0.20832694821518347	-0.20832694821518347	-0.35400000000000004	0.8000000000000002	-0.5026666666666667	-0.5920000000000001	-0.307325641025641	-1.0863333333333334	-0.14592564102564096	0.9097333333333334	-0.7773333333333333	-0.20832694821518347	0.26734102564102563	0.46226666666666666	-0.20832694821518347	-0.026333333333333334	-0.13999230769230767	-1.303	0.1960666666666667	-0.40065897435897435	0.6430666666666667	-0.687325641025641	-1.0499923076923077	0.02433202614379087
CDC7	-0.5278666666666667	-0.281237037037037	-0.3742370370370371	-1.0097551851851854	-0.8592370370370371	1.138578148148148	-0.006018148148148199	-0.31076666666666664	-1.086737037037037	-0.16968481481481482	-0.4081325	0.244	-0.4036325	0.009578148148148169	-0.6841666666666667	-0.006697154882154883	-0.14366666666666664	0.09503416666666668	-0.6290885185185185	-0.1588304882154882	0.07827544612794612	0.65735	-1.1965181481481482	0.34700000000000003	-0.9846666666666666	-0.056518148148148116	0.7706666666666666	-0.5041833333333333	0.07194564814814815	0.13542962962962968	-0.19189122053872054	-0.027891220538720535	-0.6379833333333332	-0.7417028703703705	0.6093361784511785	-0.6815362037037037	-0.6355	0.08131148148148147	-0.2502203703703704	-0.40492185185185187	-0.9980181481481482	0.6980666666666666	-0.6997991666666666	0.02566666666666667	0.905945	-1.4065	0.6836962962962962	0.2419456481481482	0.0590796296296296	-0.19225518518518522	-0.6371666666666665	-0.48755	-0.41466666666666674	-0.33897851851851857	0.6551666666666667	-0.3070703703703704	-0.5250885185185186	-0.4325703703703703	1.08835	-0.024403703703703705	0.060630462962962935	-0.6920703703703704	-0.024387685185185193	0.4650185185185185	0.4025341666666667	0.7558333333333334	-0.802	-1.0968158333333333	0.6975000000000001
HIPK2	0.1704	-0.8413999999999999	-0.01627222777777777	-0.05537476666666672	-0.3518776444444444	0.5383475888888889	-0.07247764444444452	-0.2419976444444444	-0.1824722277777778	0.004747588888888899	0.23822523333333337	-0.18087764444444443	-0.05357476666666666	-0.417	0.23030521666666665	0.15262523333333333	-0.9287999999999998	0.21662523333333333	0.8163475888888889	-0.22473476666666664	0.08215300555555556	-0.2583576444444444	-0.9130524111111111	-0.2108347666666667	-0.1146	0.3637475888888889	-0.1284	0.12564523333333333	0.4324252333333334	0.8202000000000002	0.29875300555555556	0.13779300555555557	-0.5065945833333333	-0.8715999999999999	0.4136252333333334	-0.4863999999999999	-0.22421999999999995	0.23541999999999996	-0.1325122277777778	-0.9237747666666667	0.1296223555555555	0.6432	0.44422523333333325	0.66932	0.03620235555555555	-0.3077285833333333	0.17352235555555556	0.14308523333333337	0.2386	0.32492523333333334	0.10752235555555556	0.06212500000000003	0.25678	-0.3993	0.652	-0.04620000000000006	-0.9400524111111113	-0.29404	-0.03327764444444445	-0.33887764444444446	0.3316	-0.5261999999999999	0.17802523333333334	0.9141223555555555	-0.4527747666666667	0.5788	0.1434	-0.9051747666666667	-0.05463476666666667
MARK3	-0.5871057692307692	-2.117875	-0.9469694444444443	-1.6387029914529918	-2.1282194444444444	0.7119027777777779	-0.514	-0.9032279914529913	-0.4575944444444445	0.19332727272727276	-0.5159502136752137	-0.21647799145299135	-0.8399502136752133	-0.8982472222222222	-0.20971944444444443	0.4580027777777777	-0.5218472222222222	-0.21670021367521358	-0.07734722222222223	-0.3132472222222222	-0.21346944444444443	-0.8116029914529914	-0.48492272727272734	-0.003227991452991366	-0.804722222222222	0.09195227272727277	0.47265277777777776	-0.2589529914529914	-0.2954807692307692	-1.2578472222222223	-1.3744694444444443	-0.4129694444444444	-1.0969694444444444	-0.8662029914529912	0.7137527777777779	-1.0562029914529911	-1.0457222222222222	-0.009622222222222185	0.1319055555555556	-0.31045299145299143	-0.916375	0.21564423076923087	-0.7137279914529915	-0.19860576923076917	-0.4178529914529914	-1.4794694444444443	-0.00571944444444443	-0.23395576923076922	-0.25609722222222214	-0.2229529914529914	-0.4841029914529914	-0.30235972222222224	-0.4832557692307692	-0.1838972222222222	0.36564423076923086	-1.0419722222222223	-0.9133472222222223	0.39025000000000004	0.14964700854700858	-0.8378444444444444	-0.09532799145299138	-1.1977499999999999	-0.17260576923076917	0.765125	-0.43460299145299136	0.08939423076923081	-0.7622222222222222	-0.8167279914529912	-0.24814049145299139
ARAF	-0.3315	-0.7357944444444444	-0.010613888888888891	-1.1232499999999999	-0.001863888888888894	0.44599999999999995	0.003999999999999962	1.3005	-0.10011388888888889	-0.29964583333333333	-0.12175	0.4462499999999999	0.56575	0.28503194444444446	-0.020463888888888893	0.01713611111111111	-0.016095833333333334	-0.024149999999999984	-0.30874999999999997	-0.1303638888888889	0.07755094444444445	-0.6242500000000001	-0.23789583333333336	0.22878194444444444	0.03767177777777777	0.29410416666666667	0.04742177777777778	0.029781944444444444	0.06710416666666665	0.600575	0.12955094444444448	0.2978009444444445	-0.008863888888888893	0.1918263888888889	-0.08586388888888889	-0.34047361111111113	0.02317177777777778	-0.09971805555555557	-0.06986388888888889	-0.641	-0.39625	-0.386575	-0.38799999999999996	0.21624999999999997	-0.260975	-0.0766138888888889	-0.01211388888888889	-0.05514583333333332	-0.3976755	-0.2875	0.450525	-0.40414583333333337	-0.0595	0.08463194444444444	0.6628750000000001	-0.1277875	-0.6060000000000001	0.008005555555555552	0.3375	-0.03831638888888889	0.1938263888888889	-0.10754444444444441	-0.20389583333333336	0.1265	0.08825	-0.23399999999999996	-0.3324208333333333	-0.42524999999999996	0.15690694444444445
LATS1	-3.58	-0.866	-1.47	-0.259895	-0.616	0.0695	-0.41700000000000004	0.0295	0.539	-0.259895	0.247	0.198	0.7040000000000001	-0.152	-0.121	1.49	0.657	-0.49700000000000005	-0.9540000000000001	-0.121	-0.469	-1.04	-0.259895	1.02	0.248	-0.259895	-2.86	-0.0197	0.18600000000000003	-0.52	-1.73	-1.41	-1.06	-1.18	-0.627	-0.0229	-0.731	0.643	0.284	-0.259895	-1.42	0.524	-0.259895	0.6459999999999999	-0.674	-0.545	0.542	1.04	0.00182	-0.259895	1.59	-0.23	-0.24100000000000002	-0.563	-0.613	-0.49700000000000005	-1.98	0.23199999999999998	0.9470000000000001	-0.643	-0.174	-0.085	-0.7759999999999999	1.08	-0.259895	0.871	0.0070799999999999995	-0.259895	-0.485
SGK1	-0.6156666666666667	-1.406519781746032	-0.5392234177489176	-2.1478570833333333	-0.27288990520282186	-0.33760345679012344	-0.015470436507936456	-0.10596998015873016	-0.09697341774891773	-0.40284434788359785	0.05366344215969212	-0.05213710317460318	-0.37092822450697466	0.7353000000000001	0.2594389854497355	0.2539429717813051	-0.14807845679012344	-0.6703448911736412	0.5412298765432099	-0.45085452821869487	-0.4076281657848324	0.37286289682539686	-0.4244776812169311	0.5806001984126984	-0.19879041666666666	0.8112473187830687	-0.25952375	-0.37331646825396825	-0.29289986111111116	-1.7616549272486772	-0.5845448324514991	-0.3522948324514991	-0.3730943478835979	-0.49430376984126995	-0.48330702821869487	-0.25930376984126974	-0.17027375	0.657	0.04210158225108226	-0.3346070833333334	-0.7713037698412699	0.45250000000000007	1.1185205753968255	0.033500000000000064	-0.4748871031746032	-0.4252360145502645	-0.5037649052028219	-0.5287831944444444	-0.6364082605820106	0.4088845833333334	-0.3413449801587302	-0.19856262345679013	0.25033333333333335	-0.23757499999999998	0.5452416666666667	-0.7398215939153441	-0.5365201234567901	-0.43095311507936507	0.06328001984126981	-0.43386990520282187	-0.06375376984126979	-0.8375364484126985	-0.13958319444444442	-0.36504126984126994	-0.48197942460317456	-0.14369500000000004	-0.6720542901234569	-0.5178669246031745	-0.039199801587301596
RAF1	0.19099999999999995	0.038787037037037085	0.5551879629629629	-0.24850000000000003	-0.337312037037037	0.351	-0.38366666666666677	0.014000000000000012	0.0835212962962963	-0.06933333333333333	-0.06816666666666667	0.5516666666666666	-0.19499999999999998	-0.16531203703703704	0.34323796296296294	0.431037962962963	-0.05029999999999999	-0.0832666666666667	0.037500000000000006	-0.12031203703703704	0.17419785185185185	0.3705	-0.6388333333333334	0.16010462962962965	0.07937840740740741	-0.3436666666666666	-1.1482882592592594	-0.02447870370370371	0.022999999999999993	-0.19578333333333328	0.7607978518518519	0.02929785185185185	-0.614812037037037	-0.0863824074074074	0.3093546296296296	-0.1522157407407407	0.591995074074074	0.34152129629629635	-0.047145370370370365	-0.36135	0.5018316666666667	0.7769500000000001	-0.0076666666666666645	1.3304333333333334	-0.56635	-0.555512037037037	0.07068796296296297	-0.2715	-0.19151700000000002	-0.0010666666666666602	0.11795	-0.6095	-0.10773333333333335	-0.2916287037037037	0.7535166666666666	-0.653925	-1.0786666666666667	0.379837037037037	0.515	-0.343447037037037	0.2263842592592593	-0.6656962962962963	-0.5838333333333333	-0.1995	-0.4875	-0.27949999999999997	-0.5110166666666667	-0.5998333333333333	-0.1352287037037037
ROCK1	-0.5975846153846154	-1.7292022435897438	-0.029212500000000034	-0.894300823211876	-1.0255201923076924	-0.06330769230769234	-0.8117461538461537	-0.3623777462887989	0.2188644230769231	0.1694573717948718	-0.43236339743589747	0.07403076923076925	-0.4500580128205127	-0.2937689102564102	0.20839949730094473	0.24066872807017545	0.10231794871794872	-0.000496474358974379	0.2308307692307692	-0.1989235796221322	0.2373048076923077	0.21515384615384608	-0.41975032051282063	-0.061138910256410245	0.04346153846153845	0.43375737179487184	-0.13492307692307695	0.22483108974358973	-0.21896570512820515	-0.7662323717948717	0.28809711538461547	0.13494326923076924	-0.6145081950067476	-0.2510733974358974	0.47218411268556015	-0.5863964743589744	-0.11761538461538462	0.331161858974359	0.13637211538461536	0.052176099865047246	-0.4991615384615385	0.4095384615384615	0.08285993589743593	0.4677230769230769	-0.08293846153846154	-0.7383543488529015	0.006095192307692296	0.11498814102564102	-0.3279708333333333	0.1228299460188934	-0.02067774628879892	0.19662564102564103	0.29335384615384613	-0.16946891025641025	0.9534615384615385	-1.250155448717949	-1.204846153846154	0.004259294871794879	-0.41182390013495274	-0.5238817307692307	0.7863727564102565	-0.4854330128205126	-0.26878108974358966	0.348576923076923	-0.3333092948717949	-0.12270769230769228	-0.514574358974359	-0.7703862179487179	-0.0459150641025641
ROCK2	1.13	0.648	1.7	0.45899999999999996	-1.13	-0.16399999999999998	-0.8420000000000001	-1.18	0.444	0.23600000000000002	0.456	0.491	-1.18	-0.82	0.96	1.14	0.175	0.6779999999999999	-0.11599999999999999	-0.35100000000000003	0.29100000000000004	0.797	-1.44	0.22	0.213	-1.71	-3.74	-0.17300000000000001	-0.363	-0.8809999999999999	1.83	-0.331	-1.96	-0.361	0.732	-0.132	1.68	1.36	-0.13699999999999998	-0.297	1.67	2.08	-0.271	3.31	-1.22	-1.61	0.175	-1.12	-0.0862	0.0988	-0.523	-1.03	-0.0317	-0.93	1.65	-1.48	-1.55	1.7	0.9059999999999999	-1.24	0.368	-1.9	-1.19	-0.622	-1.21	-0.444	-0.743	-1.44	-0.325
CLK1	0.2995	0.07172225000000002	0.08853157894736842	-0.683	0.44060499999999997	0.733	0.673	1.233	-0.05286842105263159	0.45395	-0.1435	2.1304999999999996	-0.063	0.4856315789473684	0.6705	-0.12077774999999999	-0.421	-0.31920000000000004	0.52	0.13462225	0.3256315789473684	3.1616999999999997	-0.7735	0.6082222500000001	-0.43800000000000006	0.37199999999999994	1.03	0.53472225	-0.254	-0.04250000000000004	-0.10436842105263158	0.24663157894736842	-0.003500000000000003	0.1529815789473684	0.39872224999999994	-0.20986842105263154	0.248	-0.24936842105263157	0.15998157894736842	-0.3301	-0.2284	0.52605	0.261	0.6745000000000001	2.3899999999999997	-0.25475	-0.08800000000000002	0.06500000000000002	-1.2665	-0.39904999999999996	0.20899999999999996	0.339	0.13955	0.04413157894736841	0.7035	-0.36050000000000004	-0.25845	0.14037225	1.279	-0.613	-0.10286842105263161	0.025722250000000002	0.6255	0.31399999999999995	0.26249999999999996	0.2544	0.17637999999999998	0.32400000000000007	0.43772225
NEK9	0.941	-2.56	-0.09964901960784313	-1.35	-0.09964901960784313	-1.19	0.331	0.907	-0.09964901960784313	1.47	0.36200000000000004	0.446	0.618	-0.09964901960784313	-0.09964901960784313	0.67	0.727	0.878	-0.242	1.25	-0.466	-0.759	1.11	-0.09964901960784313	-0.09964901960784313	0.608	-0.09964901960784313	-0.09964901960784313	-0.831	0.5579999999999999	0.28	-0.586	-0.09964901960784313	0.16399999999999998	0.26899999999999996	0.6659999999999999	-0.09964901960784313	-0.09964901960784313	-0.09964901960784313	-1.4	-0.637	-1.13	1.17	-2.2	0.165	-0.09964901960784313	-0.09964901960784313	-0.7090000000000001	0.307	-1.28	-0.289	-0.568	1.21	-0.09964901960784313	-0.331	0.316	-1.25	0.35	-2.87	-0.09964901960784313	-0.271	0.578	-0.0834	-0.0177	0.0839	-0.251	-0.218	-0.0279	-0.09964901960784313
DYRK2	-0.4476997435897436	-0.6333000000000001	-0.5143940769230768	-1.1825226862745095	0.21010592307692305	-0.4250583529411765	-0.08893686274509804	-0.9020100769230769	-0.24936407692307688	-0.7409583529411763	-0.4103752156862745	0.3284	-0.26329521568627456	-0.4734797435897436	0.14537025641025642	-0.03523574153297684	0.4132356666666667	-0.18630521568627456	-0.28425835294117635	-0.5065757415329768	-0.0038334699712053028	0.37834999999999985	0.07464164705882348	0.045433393665158375	-0.4925297435897436	0.36834164705882355	-1.731329743589744	-0.33453660633484167	-0.8009583529411766	-0.34622974358974357	0.1630465300287947	-0.28045346997120535	-0.6289697435897436	-0.4342643333333333	-0.9888757415329767	0.32653566666666667	0.3618702564102564	-0.4160097435897437	0.32130592307692313	-0.3613026862745098	0.2985631372549019	-0.21341000000000002	-0.00659521568627452	-0.0016000000000000124	-0.14209999999999998	-0.9404897435897436	-0.4718540769230769	-0.24080835294117647	-0.1432297435897436	-0.7691226862745097	-0.315294076923077	0.20882566666666666	-0.07722974358974359	-0.16411974358974354	-0.5184000000000001	-0.21812974358974363	-0.5550433529411765	0.4502	0.41056592307692313	-0.8210440769230768	0.5385286666666667	-1.1683	-0.6336583529411765	-0.6608268627450979	-0.03450521568627455	-0.5610997435897435	-0.8957643333333334	-0.8744952156862744	-0.09146660633484163
MAP3K6	-0.366	-2.47	-0.24990980392156864	-3.17	-0.24990980392156864	0.6859999999999999	-1.11	-0.0395	-0.24990980392156864	-0.669	0.293	0.649	-0.9670000000000001	-0.24990980392156864	-0.24990980392156864	-0.24990980392156864	-0.474	-0.14800000000000002	0.16699999999999998	-0.24990980392156864	-0.0939	1.32	-0.353	-0.24990980392156864	0.6559999999999999	-0.525	0.304	-0.24990980392156864	1.28	-1.89	-2.8	-0.871	-0.24990980392156864	-0.0656	-0.24990980392156864	-0.142	0.248	-0.24990980392156864	-0.24990980392156864	-0.129	-0.9390000000000001	0.163	0.37799999999999995	0.532	0.0543	-0.24990980392156864	-0.24990980392156864	-0.369	-0.64	-0.9940000000000001	-0.35	0.109	0.175	-0.24990980392156864	-0.0587	-0.349	-0.132	0.537	0.196	-0.24990980392156864	0.517	-0.455	0.16	0.535	0.19699999999999998	0.107	-1.11	-0.32899999999999996	-0.24990980392156864
MAP2K4	-0.366	-2.47	-0.24990980392156864	-3.17	-0.24990980392156864	0.6859999999999999	-1.11	-0.0395	-0.24990980392156864	-0.669	0.293	0.649	-0.9670000000000001	-0.24990980392156864	-0.24990980392156864	-0.24990980392156864	-0.474	-0.14800000000000002	0.16699999999999998	-0.24990980392156864	-0.0939	1.32	-0.353	-0.24990980392156864	0.6559999999999999	-0.525	0.304	-0.24990980392156864	1.28	-1.89	-2.8	-0.871	-0.24990980392156864	-0.0656	-0.24990980392156864	-0.142	0.248	-0.24990980392156864	-0.24990980392156864	-0.129	-0.9390000000000001	0.163	0.37799999999999995	0.532	0.0543	-0.24990980392156864	-0.24990980392156864	-0.369	-0.64	-0.9940000000000001	-0.35	0.109	0.175	-0.24990980392156864	-0.0587	-0.349	-0.132	0.537	0.196	-0.24990980392156864	0.517	-0.455	0.16	0.535	0.19699999999999998	0.107	-1.11	-0.32899999999999996	-0.24990980392156864
MAP3K5	-0.366	-2.47	-0.24990980392156864	-3.17	-0.24990980392156864	0.6859999999999999	-1.11	-0.0395	-0.24990980392156864	-0.669	0.293	0.649	-0.9670000000000001	-0.24990980392156864	-0.24990980392156864	-0.24990980392156864	-0.474	-0.14800000000000002	0.16699999999999998	-0.24990980392156864	-0.0939	1.32	-0.353	-0.24990980392156864	0.6559999999999999	-0.525	0.304	-0.24990980392156864	1.28	-1.89	-2.8	-0.871	-0.24990980392156864	-0.0656	-0.24990980392156864	-0.142	0.248	-0.24990980392156864	-0.24990980392156864	-0.129	-0.9390000000000001	0.163	0.37799999999999995	0.532	0.0543	-0.24990980392156864	-0.24990980392156864	-0.369	-0.64	-0.9940000000000001	-0.35	0.109	0.175	-0.24990980392156864	-0.0587	-0.349	-0.132	0.537	0.196	-0.24990980392156864	0.517	-0.455	0.16	0.535	0.19699999999999998	0.107	-1.11	-0.32899999999999996	-0.24990980392156864
MAP2K6	-0.366	-2.47	-0.24990980392156864	-3.17	-0.24990980392156864	0.6859999999999999	-1.11	-0.0395	-0.24990980392156864	-0.669	0.293	0.649	-0.9670000000000001	-0.24990980392156864	-0.24990980392156864	-0.24990980392156864	-0.474	-0.14800000000000002	0.16699999999999998	-0.24990980392156864	-0.0939	1.32	-0.353	-0.24990980392156864	0.6559999999999999	-0.525	0.304	-0.24990980392156864	1.28	-1.89	-2.8	-0.871	-0.24990980392156864	-0.0656	-0.24990980392156864	-0.142	0.248	-0.24990980392156864	-0.24990980392156864	-0.129	-0.9390000000000001	0.163	0.37799999999999995	0.532	0.0543	-0.24990980392156864	-0.24990980392156864	-0.369	-0.64	-0.9940000000000001	-0.35	0.109	0.175	-0.24990980392156864	-0.0587	-0.349	-0.132	0.537	0.196	-0.24990980392156864	0.517	-0.455	0.16	0.535	0.19699999999999998	0.107	-1.11	-0.32899999999999996	-0.24990980392156864
MAP2K3	-0.366	-2.47	-0.24990980392156864	-3.17	-0.24990980392156864	0.6859999999999999	-1.11	-0.0395	-0.24990980392156864	-0.669	0.293	0.649	-0.9670000000000001	-0.24990980392156864	-0.24990980392156864	-0.24990980392156864	-0.474	-0.14800000000000002	0.16699999999999998	-0.24990980392156864	-0.0939	1.32	-0.353	-0.24990980392156864	0.6559999999999999	-0.525	0.304	-0.24990980392156864	1.28	-1.89	-2.8	-0.871	-0.24990980392156864	-0.0656	-0.24990980392156864	-0.142	0.248	-0.24990980392156864	-0.24990980392156864	-0.129	-0.9390000000000001	0.163	0.37799999999999995	0.532	0.0543	-0.24990980392156864	-0.24990980392156864	-0.369	-0.64	-0.9940000000000001	-0.35	0.109	0.175	-0.24990980392156864	-0.0587	-0.349	-0.132	0.537	0.196	-0.24990980392156864	0.517	-0.455	0.16	0.535	0.19699999999999998	0.107	-1.11	-0.32899999999999996	-0.24990980392156864
PAK4	0.204	-1.3399999999999999	-1.605	-0.19483012820512818	0.015419871794871788	0.04200987179487179	-0.04599999999999999	0.5725	0.025699999999999994	0.07311987179487178	0.2936698717948718	0.263625	0.32066987179487183	0.5815	0.038849999999999996	0.488	0.14475000000000002	0.4101698717948718	-0.06583012820512822	0.15699999999999997	-0.11483012820512821	-0.21255000000000002	0.6296698717948718	0.678	-0.047830128205128206	0.04816987179487179	0.46416987179487185	0.11723149999999999	-0.13383012820512824	0.7596698717948718	0.20316987179487178	-0.1628301282051282	0.35850000000000004	-1.018	0.30884999999999996	-0.325	0.1226698717948718	0.37800000000000006	-0.42705000000000004	-0.1483301282051282	-0.48550000000000004	-0.25049999999999994	-0.1638301282051282	-0.268	-0.48150000000000004	-0.062	0.4656698717948718	0.1471698717948718	0.5361698717948717	0.46666987179487185	0.039999999999999925	0.12340000000000001	0.05499999999999999	-0.0050000000000000044	0.2889999999999999	-0.2158301282051282	-0.3283301282051282	-0.1607	0.32455	0.06351987179487179	-0.49774999999999997	-0.2515	-0.2673301282051282	0.33999999999999997	-0.5403301282051282	-0.013149999999999998	-0.31634999999999996	-0.8103301282051282	-0.6715
GTF2F1	-0.16155000000000003	-0.42425	0.345	-0.1315	-0.19999999999999998	-0.21084999999999998	0.10400000000000001	0.16000000000000003	-0.088	-0.295	0.4612840476190476	-0.36050000000000004	0.47378404761904763	-0.62	0.189	-0.03218716450216447	-0.9095	0.15928404761904763	-0.1175	-0.03218716450216447	0.22594999999999998	0.07880000000000001	-0.026000000000000023	0.292	0.165	-0.11834999999999998	0.16050000000000003	0.4225	-0.3895	1.232	-0.9403499999999999	0.14825	-0.25170000000000003	-0.9794999999999999	-0.03218716450216447	-0.39515	0.7184999999999999	0.5954999999999999	0.12380000000000001	-0.061149999999999996	-0.20950000000000002	0.3845	-0.183	0.1615	-0.19349999999999995	-0.378	0.5655	-0.23254999999999998	0.07150000000000001	0.23565	-0.9745	-0.6459999999999999	-0.4445	-0.009055	0.186	0.738	-0.6345	-0.01799999999999996	0.4605	0.333	-0.31	-0.252	0.1204	0.026500000000000003	0.1505	-0.2685	0.0829	-0.21300000000000002	-0.049000000000000016
PLK1	0.029200000000000004	-1.1947092083333333	-0.8108561607843138	-0.7431019607843138	-0.1683967083333333	0.2739235	0.3856	-0.07610196078431372	0.19669803921568627	-0.13051670833333334	-0.8629999999999999	-0.5584419607843137	0.35042	-0.22979866911764701	0.4700580392156861	0.06369079166666665	-0.2828125	0.218642	-0.17121250000000005	-0.5231092083333333	-0.06859670833333333	-0.14792196078431372	-0.6596967083333334	-1.5277999999999998	-1.1362125	0.05290329166666665	-1.2692125	-0.10310739999999993	0.07853999999999997	-0.09250920833333333	0.14550329166666667	-0.24529670833333334	0.5428980392156862	-0.8124125	-0.15016920833333333	-0.0746345	0.04558749999999998	-0.47079866911764706	0.32427803921568626	0.09129803921568624	0.19884	0.013000000000000012	-0.3096	0.16440000000000002	-0.32830196078431373	-0.29590196078431374	0.025903291666666682	0.21744	-0.25350920833333335	0.3828980392156863	0.09889803921568625	-0.2010525	-0.479	-0.662998669117647	0.5136000000000001	-0.2875092083333333	-0.5412125000000001	0.15109079166666667	0.0748980392156863	-0.00975670833333333	-0.2651325	-0.5609092083333334	-0.061800000000000035	0.1378	0.09659999999999999	-0.07553999999999995	-0.9794125000000001	-0.6965999999999999	0.31254
HCK	-0.134	-2.3	-0.23712777777777772	-0.23712777777777772	0.27	-0.6659999999999999	-0.23712777777777772	-0.23712777777777772	-0.23712777777777772	-1.43	1.02	-0.5660000000000001	-2.16	-1.45	0.426	-0.995	-1.04	-1.41	0.0778	-0.5720000000000001	-0.23712777777777772	-0.748	0.564	-0.185	-1.17	2.21	0.39799999999999996	-1.46	-1.46	-2.69	-0.23712777777777772	-0.23712777777777772	1.14	-0.629	-0.34	0.35100000000000003	0.402	-0.17	-0.23712777777777772	-0.23712777777777772	-0.23712777777777772	0.132	2.23	0.303	-0.225	-1.27	-0.772	-0.213	-1.75	-0.23712777777777772	-0.23712777777777772	-0.231	0.175	0.361	0.605	-0.0245	-0.74	0.251	-0.23712777777777772	0.466	0.7140000000000001	-0.517	0.42700000000000005	-0.23712777777777772	0.0958	0.22899999999999998	0.163	1.76	-0.258
AXL	-0.587	-2.355	-0.14364850427350423	-0.14364850427350423	-0.053999999999999965	-0.35808461538461533	-0.9935638888888889	-0.14364850427350423	-0.14364850427350423	-1.225	0.48491538461538464	-0.15450000000000003	-1.1050846153846154	-1.15	0.18791538461538462	-0.4671	0.16999999999999993	-0.7300846153846153	0.013815384615384613	-0.485	-0.14364850427350423	-0.32299999999999995	-0.663	-0.1635	0.29000000000000004	1.955	-0.14200000000000004	-0.8	-0.7550846153846154	-1.3700846153846153	-0.14364850427350423	-0.14364850427350423	0.5449153846153846	-0.3395846153846154	-0.4525	0.15041538461538465	0.24580000000000002	0.01849999999999999	-0.14364850427350423	-0.14364850427350423	-0.30406388888888886	0.7709999999999999	1.9549999999999998	0.8265	0.1075	-0.6600846153846154	0.07600000000000001	-0.13158461538461538	-0.9000846153846154	-0.14364850427350423	-0.14364850427350423	0.8995	-0.6825	0.3405	1.3175	-0.03733461538461538	-0.39508461538461537	0.249	-0.14364850427350423	0.6525000000000001	0.33191538461538467	-0.46549999999999997	0.18841538461538465	-0.7535638888888889	-0.5170999999999999	-0.191	0.39449999999999996	-0.2400000000000001	-0.4079999999999999
GSK3A	0.0288	-0.4054438095238096	-0.04692303030303029	-0.007405385281385285	-0.26364	-0.394	0.09339999999999994	0.2208761904761905	-0.08868303030303029	1.7322599999999997	-1.3382	-0.2714	-0.31599999999999995	0.0732	-0.6295000000000001	0.21000000000000002	-0.7766438095238095	-0.039560000000000026	-0.4823999999999999	0.02699999999999999	0.3619561904761905	0.151436	0.06268000000000011	-0.5299999999999999	-0.39124	0.7612	0.7334	-0.2252	0.6843561904761905	-0.015883809523809533	-0.38884380952380954	0.18715619047619048	-0.6392	-0.10524380952380952	0.2542	-0.054043809523809515	-0.44539999999999996	-0.17040000000000002	0.09751696969696969	0.09679461471861471	0.6224000000000001	0.5855600000000001	-0.20884380952380951	0.02739999999999998	0.038	-0.23040000000000002	0.47400000000000003	0.13615619047619046	0.1434961904761905	0.027894614718614718	0.19715619047619046	0.044336190476190473	-0.03994000000000002	0.17284	0.9307999999999998	0.15027619047619048	-1.6030000000000002	-0.08754380952380954	-0.3140438095238095	0.3258	-0.30144380952380956	-0.14506380952380954	0.5833561904761906	1.4496000000000002	0.09343619047619048	1.147	0.05835619047619047	0.058256190476190475	0.0516
MOS	-0.015999999999999986	-0.9152051282051281	-0.19192921153846157	-1.526	-0.19192921153846157	-1.0295	-0.9570000000000001	-0.6952051282051281	-0.19192921153846157	0.5585	0.7745	0.46199999999999997	-0.203	-0.3522051282051282	-0.21670512820512822	-0.19192921153846157	0.3815	-0.3145	-1.55	-0.19192921153846157	0.0027948717948717977	-0.29500000000000004	0.7595	-1.0352051282051282	0.08495	0.39089999999999997	-2.335	-0.9002051282051282	-0.7955000000000001	-0.5347051282051282	-0.5412051282051282	-0.4677051282051282	-0.2757051282051282	-1.175	-0.19192921153846157	0.4495	0.9145000000000001	-0.05600512820512821	-0.19192921153846157	-0.0349	0.199	0.42250000000000004	1.093	0.5045000000000001	0.629	-0.22870512820512823	-0.19192921153846157	0.157955	-0.2807051282051282	0.248	-0.31370512820512825	0.08704999999999999	0.1975	-0.4602051282051282	1.54	0.020794871794871786	-0.866	0.1732948717948718	-0.2672051282051282	-0.19192921153846157	0.35950000000000004	-0.36820512820512824	-0.6499999999999999	-0.9185	0.627	-1.1295000000000002	0.1259	-0.6880000000000001	-0.2872051282051282
PIM1	-0.6978895238095237	-1.38	-0.585781568627451	-1.8499999999999999	-0.393281568627451	-0.24867109243697477	-0.06488952380952379	-0.392	-0.21978156862745096	0.07821843137254902	-0.4593895238095238	-0.3043895238095238	0.0996104761904762	-0.7903500000000001	-0.08821	-0.18158952380952378	0.13111047619047617	-0.4448895238095238	-0.24867109243697477	-0.2748895238095238	-0.20628156862745098	-0.010889523809523793	-0.05169156862745098	0.06335	0.37649999999999995	0.594218431372549	-0.05115	0.1595	1.0621104761904763	-0.32978156862745095	-1.5907815686274511	-0.670781568627451	-0.6755	-0.39035000000000003	-0.1483895238095238	-0.1885	0.4546	0.24799999999999997	0.27171843137254903	-0.23779999999999998	-0.6178895238095238	-0.0978	-0.4583895238095238	-0.30300000000000005	-0.2578895238095238	-0.8245	-0.22528156862745097	-0.3958895238095238	-0.06753156862745098	0.21	-0.41515	0.21511047619047619	-0.03738952380952379	-0.211	0.5670000000000001	-0.524281568627451	-0.24867109243697477	-1.0215	-0.7955000000000001	-0.371781568627451	0.643	-0.9135000000000001	0.7321104761904762	0.030610476190476216	-0.7728895238095237	-0.4163895238095238	-0.03538952380952379	-1.1128895238095238	0.206
DYRK1A	0.06245	-0.8265	-0.8405	-0.22530000000000003	-0.050212878787878765	0.278	-0.868	-0.6385	0.1488	-0.14967007575757574	-1.5254999999999999	-0.49050000000000005	-0.7075	0.8714999999999999	-0.08495	-0.4095	-1.0145	-0.663	-0.7215	0.26639999999999997	0.7969999999999999	0.6595	-0.18367007575757577	0.1985	-0.499	0.41782992424242427	-0.37349999999999994	0.19505	-0.254	0.6034999999999999	0.6739999999999999	0.21725	0.12819999999999998	0.21299999999999997	-0.17350000000000002	0.571	-0.685	0.11800000000000001	-0.04799999999999999	-0.34950000000000003	-0.15345	1.26	-0.7805	-0.272	-0.589	-0.4465	0.053237121212121236	-0.08034999999999999	0.6795	0.2215	-0.5800000000000001	-0.41300000000000003	0.034	0.2252	-0.5765	0.1341	-0.781	-0.009675	-0.38	-0.23626287878787874	-0.03795	0.6355	0.479	0.399	-0.27585000000000004	0.489	0.39149999999999996	-0.30755000000000005	0.385
BRAF	-0.33466666666666667	-0.36439259259259255	0.032042592592592595	-0.7043333333333334	0.04370925925925925	0.4346666666666666	-0.27499999999999997	0.8706666666666667	-0.08729074074074074	-0.35333333333333333	-0.077	0.649	0.261	0.08470925925925926	0.01890925925925926	0.06904259259259259	0.024733333333333333	-0.47553333333333336	0.36166666666666664	-0.12762407407407408	0.1495957037037037	0.16433333333333333	-0.2710000000000001	0.18570925925925927	0.09642348148148149	0.4383333333333333	0.1094234814814815	-0.020624074074074076	0.13566666666666663	0.10410000000000001	0.21892903703703706	0.4432623703703704	0.03437592592592593	0.09076851851851853	-0.06829074074074075	-0.18463148148148145	0.07709014814814816	-0.18629074074074073	-0.04695740740740741	-0.5559999999999999	-0.10833333333333332	0.027899999999999998	0.21933333333333338	0.47700000000000004	-0.29096666666666665	-0.05595740740740741	0.030042592592592596	-0.02733333333333331	-0.28590066666666664	-0.11099999999999999	0.6103333333333333	-0.49266666666666664	-0.00366666666666667	0.02150925925925926	0.39716666666666667	-0.18685	-0.8310000000000001	-0.14865925925925924	0.5236666666666667	-0.004894074074074074	0.13710185185185186	-0.029059259259259257	-0.22566666666666665	-0.13733333333333334	-0.07033333333333334	-0.3573333333333333	-0.3970333333333333	-0.08699999999999998	0.006875925925925925
FER	-1.04	-2.41	-0.050169230769230765	-0.050169230769230765	-0.37799999999999995	-0.050169230769230765	-1.75	-0.050169230769230765	-0.050169230769230765	-1.02	-0.050169230769230765	0.257	-0.050169230769230765	-0.85	-0.050169230769230765	0.0608	1.38	-0.050169230769230765	-0.050169230769230765	-0.39799999999999996	-0.050169230769230765	0.102	-1.89	-0.142	1.75	1.7	-0.682	-0.14	-0.050169230769230765	-0.050169230769230765	-0.050169230769230765	-0.050169230769230765	-0.050169230769230765	-0.050169230769230765	-0.565	-0.050169230769230765	0.0896	0.207	-0.050169230769230765	-0.050169230769230765	-0.371	1.41	1.68	1.35	0.44	-0.050169230769230765	0.924	-0.050169230769230765	-0.050169230769230765	-0.050169230769230765	-0.050169230769230765	2.03	-1.54	0.32	2.03	-0.050169230769230765	-0.050169230769230765	0.247	-0.050169230769230765	0.8390000000000001	-0.050169230769230765	-0.414	-0.050169230769230765	-1.27	-1.13	-0.611	0.626	-2.24	-0.5579999999999999
ALK	-1.04	-2.41	-0.050169230769230765	-0.050169230769230765	-0.37799999999999995	-0.050169230769230765	-1.75	-0.050169230769230765	-0.050169230769230765	-1.02	-0.050169230769230765	0.257	-0.050169230769230765	-0.85	-0.050169230769230765	0.0608	1.38	-0.050169230769230765	-0.050169230769230765	-0.39799999999999996	-0.050169230769230765	0.102	-1.89	-0.142	1.75	1.7	-0.682	-0.14	-0.050169230769230765	-0.050169230769230765	-0.050169230769230765	-0.050169230769230765	-0.050169230769230765	-0.050169230769230765	-0.565	-0.050169230769230765	0.0896	0.207	-0.050169230769230765	-0.050169230769230765	-0.371	1.41	1.68	1.35	0.44	-0.050169230769230765	0.924	-0.050169230769230765	-0.050169230769230765	-0.050169230769230765	-0.050169230769230765	2.03	-1.54	0.32	2.03	-0.050169230769230765	-0.050169230769230765	0.247	-0.050169230769230765	0.8390000000000001	-0.050169230769230765	-0.414	-0.050169230769230765	-1.27	-1.13	-0.611	0.626	-2.24	-0.5579999999999999
MASTL	-2.69	-0.6940000000000001	-0.48959866666666646	-0.48959866666666646	-0.48959866666666646	-0.37	-2.96	-0.48959866666666646	-0.48959866666666646	-0.738	0.763	-1.27	-1.03	-0.48959866666666646	-0.48959866666666646	-0.48959866666666646	0.40700000000000003	1.06	-0.6779999999999999	-0.48959866666666646	-1.48	-1.5	-0.9229999999999999	-0.48959866666666646	-0.363	-1.1	0.299	-0.48959866666666646	-0.0482	-0.9279999999999999	-5.49	-1.89	-0.48959866666666646	0.693	-0.48959866666666646	-0.563	-1.14	-0.48959866666666646	-0.48959866666666646	-0.48959866666666646	-0.6629999999999999	1.11	0.20199999999999999	1.14	0.23800000000000002	-0.48959866666666646	-0.48959866666666646	1.19	-0.10099999999999999	-0.48959866666666646	-0.48959866666666646	0.4	1.05	-0.48959866666666646	-1.08	-0.128	-1.57	-0.149	-0.48959866666666646	-0.48959866666666646	0.39399999999999996	-0.133	-1.28	-0.25	0.765	-0.185	-0.358	0.00926	-0.48959866666666646
